Date,Market/Asset,Contract Details,Action (Buy/Sell),Contracts/Size,Entry Price ($),Exit Price ($),Fees ($),Net Profit/Loss ($),Time (ET),Timezone,Datetime Acquired (UTC),Datetime Disposed (UTC),Holding Period,Proceeds ($),Cost Basis incl. Fees ($),Gain/Loss ($),Leg Type,Side Bought,Status,Settlement Result,Order ID
2026-09-08,"Bitcoin 15-minute binary, close 26SEP080400",KXBTC15M-26SEP080400-00,Buy to Open (held to settlement),1.0,0.992,1.0,0.0006,0.0074,03:59:40,EDT,2026-09-08T07:59:40Z,2026-09-08T08:00:20Z,Short-term (under 1 hour),1.0,0.9926,0.0074,ENTRY,,SETTLED,YES,01a08007-a5e0-7c6e-b1f4-43a951e830ad
2026-09-08,"Solana 15-minute binary, close 26SEP080500",KXSOL15M-26SEP080500-00,Buy to Open (held to settlement),1.0,0.979,1.0,0.0015,0.0195,04:59:45,EDT,2026-09-08T08:59:45Z,2026-09-08T09:00:50Z,Short-term (under 1 hour),1.0,0.9805,0.0195,ENTRY,,SETTLED,NO,01a0803e-a7e8-72c0-9820-151e3884d08b
2026-09-08,"Zcash 15-minute binary, close 26SEP080515",KXZEC15M-26SEP080515-15,Buy to Open (held to settlement),1.0,0.947,1.0,0.0036,0.0494,05:14:45,EDT,2026-09-08T09:14:45Z,2026-09-08T09:15:20Z,Short-term (under 1 hour),1.0,0.9506,0.0494,ENTRY,,SETTLED,NO,01a0804c-6388-7ede-9d34-5ff28a4f7db5
2026-09-08,"Bitcoin 15-minute binary, close 26SEP080600",KXBTC15M-26SEP080600-00,Buy to Open (held to settlement),1.0,0.996,1.0,0.0003,0.0037,05:59:40,EDT,2026-09-08T09:59:40Z,2026-09-08T10:00:50Z,Short-term (under 1 hour),1.0,0.9963,0.0037,ENTRY,,SETTLED,YES,01a08075-82e0-7e98-94e5-04048b2fb933
2026-09-08,"NEAR 15-minute binary, close 26SEP080615",KXNEAR15M-26SEP080615-15,Buy to Open (held to settlement),1.0,0.991,1.0,0.0007,0.0083,06:14:48,EDT,2026-09-08T10:14:48Z,2026-09-08T10:15:20Z,Short-term (under 1 hour),1.0,0.9917,0.0083,ENTRY,,SETTLED,NO,01a08083-5dc0-7502-8b0a-b39b95c509d1
2026-09-08,"Hyperliquid 15-minute binary, close 26SEP080630",KXHYPE15M-26SEP080630-30,Buy to Open (held to settlement),1.0,0.993,1.0,0.0005,0.0065,06:29:40,EDT,2026-09-08T10:29:40Z,2026-09-08T10:30:20Z,Short-term (under 1 hour),1.0,0.9935,0.0065,ENTRY,,SETTLED,YES,01a08090-fa20-710e-9ee7-a002631ccef9
2026-09-08,"BNB 15-minute binary, close 26SEP080645",KXBNB15M-26SEP080645-45,Buy to Open (held to settlement),1.0,0.996,1.0,0.0003,0.0037,06:44:40,EDT,2026-09-08T10:44:40Z,2026-09-08T10:45:20Z,Short-term (under 1 hour),1.0,0.9963,0.0037,ENTRY,,SETTLED,NO,01a0809e-b5c0-7a32-9b29-67070ce69ace
2026-09-08,"Bitcoin 15-minute binary, close 26SEP080800",KXBTC15M-26SEP080800-00,Buy to Open (held to settlement),1.0,0.95,1.0,0.0034,0.0466,07:59:41,EDT,2026-09-08T11:59:41Z,2026-09-08T12:00:20Z,Short-term (under 1 hour),1.0,0.9534,0.0466,ENTRY,,SETTLED,NO,01a080e3-63c8-7f3b-a119-11faa8a2c828
2026-09-08,"BNB 15-minute binary, close 26SEP080845",KXBNB15M-26SEP080845-45,Buy to Open (held to settlement),1.0,0.977,1.0,0.0016,0.0214,08:44:40,EDT,2026-09-08T12:44:40Z,2026-09-08T12:45:20Z,Short-term (under 1 hour),1.0,0.9786,0.0214,ENTRY,,SETTLED,YES,01a0810c-92c0-7dad-88be-646ba641705b
2026-09-08,"Dogecoin 15-minute binary, close 26SEP080930",KXDOGE15M-26SEP080930-30,Buy to Open (held to settlement),1.0,0.963,1.0,0.0025,0.0345,09:29:40,EDT,2026-09-08T13:29:40Z,2026-09-08T13:30:20Z,Short-term (under 1 hour),1.0,0.9655,0.0345,ENTRY,,SETTLED,NO,01a08135-c5a0-717f-899a-e222a80005d1
2026-09-08,"XRP 15-minute binary, close 26SEP081030",KXXRP15M-26SEP081030-30,Buy to Open (held to settlement),1.0,0.987,1.0,0.0009,0.0121,10:29:40,EDT,2026-09-08T14:29:40Z,2026-09-08T14:30:50Z,Short-term (under 1 hour),1.0,0.9879,0.0121,ENTRY,,SETTLED,YES,01a0816c-b420-7665-8673-58ac71ee5bad
2026-09-08,"Hyperliquid 15-minute binary, close 26SEP081200",KXHYPE15M-26SEP081200-00,Buy to Open (held to settlement),8.0,0.934,,0.0344,,11:59:51,EDT,2026-09-08T15:59:51Z,,,,7.5064,,ENTRY,,OPEN,,01a081bf-44d8-71e0-ac91-354066f6c91d
2026-09-08,"Ethereum 15-minute binary, close 26SEP081300",KXETH15M-26SEP081300-00,Buy to Open (held to settlement),5.0,0.975,1.0,0.0085,0.1164,12:59:49,EDT,2026-09-08T16:59:49Z,2026-09-08T17:00:20Z,Short-term (under 1 hour),5.0,4.8835,0.1165,ENTRY,,SETTLED,NO,01a081f6-2b88-7f18-ad1a-9976cc8d8be2
2026-09-08,"Bitcoin 15-minute binary, close 26SEP081730",KXBTC15M-26SEP081730-30,Buy to Open (held to settlement),10.0,0.89,1.0,0.068,1.0314,17:29:53,EDT,2026-09-08T21:29:53Z,2026-09-08T21:30:20Z,Short-term (under 1 hour),10.0,8.968,1.032,ENTRY,,SETTLED,NO,01a082ed-6c68-7a42-b0ed-348ac0d1a012
2026-09-08,"NEAR 15-minute binary, close 26SEP081745",KXNEAR15M-26SEP081745-45,Buy to Open (held to settlement),10.0,0.97,1.0,0.02,0.2796,17:44:30,EDT,2026-09-08T21:44:30Z,2026-09-08T21:45:20Z,Short-term (under 1 hour),10.0,9.72,0.28,ENTRY,,SETTLED,YES,01a082fa-ce30-770e-a037-a030150340e1
2026-09-08,"Bitcoin 15-minute binary, close 26SEP081745",KXBTC15M-26SEP081745-45,Buy to Open (held to settlement),10.0,0.95,1.0,0.033,0.4667,17:44:36,EDT,2026-09-08T21:44:36Z,2026-09-08T21:45:20Z,Short-term (under 1 hour),10.0,9.533,0.467,ENTRY,,SETTLED,NO,01a082fa-e5a0-7e18-960b-8d7b4cd6eb4d
2026-09-08,"NEAR 15-minute binary, close 26SEP081815",KXNEAR15M-26SEP081815-15,Buy to Open (held to settlement),10.0,0.975,1.0,0.017,0.2329,18:14:30,EDT,2026-09-08T22:14:30Z,2026-09-08T22:15:20Z,Short-term (under 1 hour),10.0,9.767,0.233,ENTRY,,SETTLED,YES,01a08316-4570-75ef-bd58-d191777eddc6
2026-09-08,"Bitcoin 15-minute binary, close 26SEP081815",KXBTC15M-26SEP081815-15,Buy to Open (held to settlement),10.0,0.951,1.0,0.032,0.4573,18:14:36,EDT,2026-09-08T22:14:36Z,2026-09-08T22:15:20Z,Short-term (under 1 hour),10.0,9.542,0.458,ENTRY,,SETTLED,NO,01a08316-5ce0-7146-9ad3-25741b9ee302
2026-09-08,"Dogecoin 15-minute binary, close 26SEP081915",KXDOGE15M-26SEP081915-15,Buy to Open (held to settlement),20.0,0.98,1.0,0.026,0.3725,19:14:33,EDT,2026-09-08T23:14:33Z,2026-09-08T23:15:20Z,Short-term (under 1 hour),20.0,19.626,0.374,ENTRY,,SETTLED,YES,01a0834d-3fa8-737f-8684-4d0e519653e9
2026-09-08,"Solana 15-minute binary, close 26SEP081915",KXSOL15M-26SEP081915-15,Buy to Open (held to settlement),10.0,0.969,1.0,0.021,0.2889,19:14:36,EDT,2026-09-08T23:14:36Z,2026-09-08T23:15:20Z,Short-term (under 1 hour),10.0,9.711,0.289,ENTRY,,SETTLED,YES,01a0834d-4b60-7264-ada3-8c1e5637fa3a
2026-09-08,"Solana 15-minute binary, close 26SEP081930",KXSOL15M-26SEP081930-30,Buy to Open (held to settlement),20.0,0.901,1.0,0.124,1.8551,19:29:53,EDT,2026-09-08T23:29:53Z,2026-09-08T23:30:20Z,Short-term (under 1 hour),20.0,18.144,1.856,ENTRY,,SETTLED,YES,01a0835b-4968-7633-ad63-cda5e6e49dfe
2026-09-08,"BNB 15-minute binary, close 26SEP081945",KXBNB15M-26SEP081945-45,Buy to Open (held to settlement),20.0,0.98,1.0,0.026,0.3725,19:44:30,EDT,2026-09-08T23:44:30Z,2026-09-08T23:45:20Z,Short-term (under 1 hour),20.0,19.626,0.374,ENTRY,,SETTLED,NO,01a08368-ab30-7ae4-a84d-7d0a2de0fb41
2026-09-08,"Dogecoin 15-minute binary, close 26SEP081945",KXDOGE15M-26SEP081945-45,Buy to Open (held to settlement),20.0,0.969,1.0,0.042,0.5779,19:44:38,EDT,2026-09-08T23:44:38Z,2026-09-08T23:45:20Z,Short-term (under 1 hour),20.0,19.422,0.578,ENTRY,,SETTLED,NO,01a08368-ca70-7a29-bcee-ef0f169863a4
2026-09-08,"Ethereum 15-minute binary, close 26SEP082000",KXETH15M-26SEP082000-00,Buy to Open (held to settlement),20.0,0.98,1.0,0.026,0.3725,19:59:30,EDT,2026-09-08T23:59:30Z,2026-09-09T00:00:20Z,Short-term (under 1 hour),20.0,19.626,0.374,ENTRY,,SETTLED,NO,01a08376-66d0-7f0d-8023-8de922355031
2026-09-08,"Bitcoin 15-minute binary, close 26SEP082000",KXBTC15M-26SEP082000-00,Buy to Open (held to settlement),20.0,0.947,1.0,0.07,0.9897,19:59:41,EDT,2026-09-08T23:59:41Z,2026-09-09T00:00:20Z,Short-term (under 1 hour),20.0,19.01,0.99,ENTRY,,SETTLED,YES,01a08376-91c8-7496-8822-ba8ca55484fc
2026-09-08,"Bitcoin 15-minute binary, close 26SEP082000",KXBTC15M-26SEP082000-00,Buy to Open (held to settlement),20.0,0.938,,0.08,,19:59:44,EDT,2026-09-08T23:59:44Z,,,,18.84,,ENTRY,,OPEN,,01a08376-9d80-7f90-8b03-a5867c38df2b
2026-09-08,"NEAR 15-minute binary, close 26SEP082030",KXNEAR15M-26SEP082030-30,Buy to Open (held to settlement),20.0,0.978,1.0,0.03,0.4098,20:29:45,EDT,2026-09-09T00:29:45Z,2026-09-09T00:30:20Z,Short-term (under 1 hour),20.0,19.59,0.41,ENTRY,,SETTLED,YES,01a08392-18a8-7c8d-a9c9-8d92ed2195e6
2026-09-08,"NEAR 15-minute binary, close 26SEP082045",KXNEAR15M-26SEP082045-45,Buy to Open (held to settlement),20.0,0.962,0.0,0.05,-19.2912,20:44:38,EDT,2026-09-09T00:44:38Z,2026-09-09T00:45:20Z,Short-term (under 1 hour),0.0,19.29,-19.29,ENTRY,,SETTLED,YES,01a0839f-b8f0-70e9-959a-4ce7d2a30bbc
2026-09-08,"NEAR 15-minute binary, close 26SEP082045",KXNEAR15M-26SEP082045-45,Buy to Open (held to settlement),20.0,0.956,0.0,0.058,-19.1789,20:44:39,EDT,2026-09-09T00:44:39Z,2026-09-09T00:45:35Z,Short-term (under 1 hour),0.0,19.178,-19.178,ENTRY,,SETTLED,YES,01a0839f-bcd8-7c7b-bc73-3630bd5c48e3
2026-09-08,"NEAR 15-minute binary, close 26SEP082045",KXNEAR15M-26SEP082045-45,Buy to Open (held to settlement),19.0,0.73,0.0,0.2622,-14.1322,20:44:43,EDT,2026-09-09T00:44:43Z,2026-09-09T00:45:50Z,Short-term (under 1 hour),0.0,14.1322,-14.1322,ENTRY,,SETTLED,YES,01a0839f-cc78-78ba-9b49-56aa95b37a62
2026-09-08,"Ethereum 15-minute binary, close 26SEP082200",KXETH15M-26SEP082200-00,Buy to Open (held to settlement),10.0,0.976,1.0,0.016,0.2236,21:59:33,EDT,2026-09-09T01:59:33Z,2026-09-09T02:00:20Z,Short-term (under 1 hour),10.0,9.776,0.224,ENTRY,,SETTLED,YES,01a083e4-4f88-7b82-a9dc-4b516139d5b6
2026-09-08,"Hyperliquid 15-minute binary, close 26SEP082200",KXHYPE15M-26SEP082200-00,Buy to Open (held to settlement),10.0,0.958,1.0,0.028,0.3918,21:59:34,EDT,2026-09-09T01:59:34Z,2026-09-09T02:00:20Z,Short-term (under 1 hour),10.0,9.608,0.392,ENTRY,,SETTLED,YES,01a083e4-5370-740f-84f8-c7c8506c075d
2026-09-08,"NEAR 15-minute binary, close 26SEP082200",KXNEAR15M-26SEP082200-00,Buy to Open (held to settlement),10.0,0.95,1.0,0.033,0.4667,21:59:40,EDT,2026-09-09T01:59:40Z,2026-09-09T02:00:20Z,Short-term (under 1 hour),10.0,9.533,0.467,ENTRY,,SETTLED,NO,01a083e4-6ae0-7d35-a73a-ae7236011490
2026-09-08,"Bitcoin 15-minute binary, close 26SEP082230",KXBTC15M-26SEP082230-30,Buy to Open (held to settlement),10.0,0.987,1.0,0.009,0.121,22:29:49,EDT,2026-09-09T02:29:49Z,2026-09-09T02:30:20Z,Short-term (under 1 hour),10.0,9.879,0.121,ENTRY,,SETTLED,YES,01a08400-0548-70ad-a1db-fcfa50514410
2026-09-08,"Solana 15-minute binary, close 26SEP090000",KXSOL15M-26SEP090000-00,Buy to Open (held to settlement),11.0,0.971,1.0,0.0209,0.2973,23:59:38,EDT,2026-09-09T03:59:38Z,2026-09-09T04:00:20Z,Short-term (under 1 hour),11.0,10.7019,0.2981,ENTRY,,SETTLED,YES,01a08452-4010-709d-8c40-fb19e48b71a5
2026-09-09,"Solana 15-minute binary, close 26SEP090115",KXSOL15M-26SEP090115-15,Buy to Open (held to settlement),20.0,0.22,1.0,0.24,15.3597,01:14:48,EDT,2026-09-09T05:14:48Z,2026-09-09T05:15:20Z,Short-term (under 1 hour),20.0,4.64,15.36,ENTRY,,SETTLED,NO,01a08497-1140-7cf0-a565-31b9b51537ce
2026-09-09,"Zcash 15-minute binary, close 26SEP090130",KXZEC15M-26SEP090130-30,Buy to Open (held to settlement),20.0,0.975,1.0,0.034,0.4658,01:29:56,EDT,2026-09-09T05:29:56Z,2026-09-09T05:30:20Z,Short-term (under 1 hour),20.0,19.534,0.466,ENTRY,,SETTLED,NO,01a084a4-ec20-7a42-b06c-385503530472
2026-09-09,"Ethereum 15-minute binary, close 26SEP090200",KXETH15M-26SEP090200-00,Buy to Open (held to settlement),20.0,0.98,1.0,0.026,0.3725,01:59:30,EDT,2026-09-09T05:59:30Z,2026-09-09T06:00:20Z,Short-term (under 1 hour),20.0,19.626,0.374,ENTRY,,SETTLED,YES,01a084bf-fdd0-7597-bc84-8b44ff97e464
2026-09-09,"Dogecoin 15-minute binary, close 26SEP090200",KXDOGE15M-26SEP090200-00,Buy to Open (held to settlement),20.0,0.959,1.0,0.054,0.7649,01:59:40,EDT,2026-09-09T05:59:40Z,2026-09-09T06:00:20Z,Short-term (under 1 hour),20.0,19.234,0.766,ENTRY,,SETTLED,YES,01a084c0-24e0-7d0f-9753-e04da9037c37
2026-09-09,"Zcash 15-minute binary, close 26SEP090230",KXZEC15M-26SEP090230-30,Buy to Open (held to settlement),20.0,0.976,1.0,0.032,0.4472,02:29:31,EDT,2026-09-09T06:29:31Z,2026-09-09T06:30:20Z,Short-term (under 1 hour),20.0,19.552,0.448,ENTRY,,SETTLED,NO,01a084db-78f8-76bb-88bc-5b655041adf3
2026-09-09,"Solana 15-minute binary, close 26SEP090245",KXSOL15M-26SEP090245-45,Buy to Open (held to settlement),17.0,0.978,1.0,0.0255,0.3483,02:44:30,EDT,2026-09-09T06:44:30Z,2026-09-09T06:45:20Z,Short-term (under 1 hour),17.0,16.6515,0.3485,ENTRY,,SETTLED,NO,01a084e9-30b0-782d-852e-01f5844392c9
2026-09-09,"Dogecoin 15-minute binary, close 26SEP090245",KXDOGE15M-26SEP090245-45,Buy to Open (held to settlement),20.0,0.959,1.0,0.054,0.7649,02:44:45,EDT,2026-09-09T06:44:45Z,2026-09-09T06:45:20Z,Short-term (under 1 hour),20.0,19.234,0.766,ENTRY,,SETTLED,NO,01a084e9-6b48-7258-ba4e-699bad256cd1
2026-09-09,"Ethereum 15-minute binary, close 26SEP090300",KXETH15M-26SEP090300-00,Buy to Open (held to settlement),20.0,0.85,1.0,0.178,2.8214,02:59:30,EDT,2026-09-09T06:59:30Z,2026-09-09T07:00:20Z,Short-term (under 1 hour),20.0,17.178,2.822,ENTRY,,SETTLED,YES,01a084f6-ec50-7a52-80a1-06bbbaefce2d
2026-09-09,"Hyperliquid 15-minute binary, close 26SEP090315",KXHYPE15M-26SEP090315-15,Buy to Open (held to settlement),20.0,0.979,1.0,0.028,0.3912,03:14:31,EDT,2026-09-09T07:14:31Z,2026-09-09T07:15:20Z,Short-term (under 1 hour),20.0,19.608,0.392,ENTRY,,SETTLED,NO,01a08504-abd8-75e9-b9f0-8c0d320a1a59
2026-09-09,"NEAR 15-minute binary, close 26SEP090315",KXNEAR15M-26SEP090315-15,Buy to Open (held to settlement),17.0,0.971,1.0,0.0323,0.4594,03:14:35,EDT,2026-09-09T07:14:35Z,2026-09-09T07:15:20Z,Short-term (under 1 hour),17.0,16.5393,0.4607,ENTRY,,SETTLED,YES,01a08504-bb78-7e59-816b-7713d567e1f0
2026-09-09,"Zcash 15-minute binary, close 26SEP090330",KXZEC15M-26SEP090330-30,Buy to Open (held to settlement),14.0,0.957,1.0,0.0392,0.5616,03:29:46,EDT,2026-09-09T07:29:46Z,2026-09-09T07:30:50Z,Short-term (under 1 hour),14.0,13.4372,0.5628,ENTRY,,SETTLED,NO,01a08512-a210-7746-9f00-214c08fc637f
2026-09-09,"Dogecoin 15-minute binary, close 26SEP090345",KXDOGE15M-26SEP090345-45,Buy to Open (held to settlement),20.0,0.89,1.0,0.136,2.0629,03:44:47,EDT,2026-09-09T07:44:47Z,2026-09-09T07:45:20Z,Short-term (under 1 hour),20.0,17.936,2.064,ENTRY,,SETTLED,NO,01a08520-6198-7ab2-8dd0-ee982d15bbdf
2026-09-09,"XRP 15-minute binary, close 26SEP090415",KXXRP15M-26SEP090415-15,Buy to Open (held to settlement),20.0,0.915,1.0,0.108,1.5911,04:14:49,EDT,2026-09-09T08:14:49Z,2026-09-09T08:15:20Z,Short-term (under 1 hour),20.0,18.408,1.592,ENTRY,,SETTLED,YES,01a0853b-e0a8-7c2d-a2bc-477dabca0fd3
2026-09-09,"XRP 15-minute binary, close 26SEP090430",KXXRP15M-26SEP090430-30,Buy to Open (held to settlement),20.0,0.967,1.0,0.044,0.6153,04:29:30,EDT,2026-09-09T08:29:30Z,2026-09-09T08:30:20Z,Short-term (under 1 hour),20.0,19.384,0.616,ENTRY,,SETTLED,NO,01a08549-5210-74cd-a369-9729bf2d7e46
2026-09-09,"Hyperliquid 15-minute binary, close 26SEP090430",KXHYPE15M-26SEP090430-30,Buy to Open (held to settlement),12.0,0.95,1.0,0.0396,0.56,04:29:35,EDT,2026-09-09T08:29:35Z,2026-09-09T08:30:20Z,Short-term (under 1 hour),12.0,11.4396,0.5604,ENTRY,,SETTLED,NO,01a08549-6598-71d7-9398-7c4ad32f8895
2026-09-09,"Dogecoin 15-minute binary, close 26SEP090445",KXDOGE15M-26SEP090445-45,Buy to Open (held to settlement),20.0,0.978,1.0,0.03,0.4098,04:44:34,EDT,2026-09-09T08:44:34Z,2026-09-09T08:45:20Z,Short-term (under 1 hour),20.0,19.59,0.41,ENTRY,,SETTLED,YES,01a08557-1d50-7713-bbaa-6e8d5832cc04
2026-09-09,"Hyperliquid 15-minute binary, close 26SEP090530",KXHYPE15M-26SEP090530-30,Buy to Open (held to settlement),20.0,0.976,1.0,0.032,0.4472,05:29:36,EDT,2026-09-09T09:29:36Z,2026-09-09T09:30:20Z,Short-term (under 1 hour),20.0,19.552,0.448,ENTRY,,SETTLED,NO,01a08580-5800-7d20-b536-dc7f64ddcae6
2026-09-09,"NEAR 15-minute binary, close 26SEP090530",KXNEAR15M-26SEP090530-30,Buy to Open (held to settlement),20.0,0.93,1.0,0.09,1.3088,05:29:36,EDT,2026-09-09T09:29:36Z,2026-09-09T09:30:20Z,Short-term (under 1 hour),20.0,18.69,1.31,ENTRY,,SETTLED,NO,01a08580-5800-767e-82d7-a8e8c59e88fa
2026-09-09,"Ethereum 15-minute binary, close 26SEP090630",KXETH15M-26SEP090630-30,Buy to Open (held to settlement),20.0,0.972,1.0,0.038,0.5218,06:29:38,EDT,2026-09-09T10:29:38Z,2026-09-09T10:30:20Z,Short-term (under 1 hour),20.0,19.478,0.522,ENTRY,,SETTLED,YES,01a085b7-4e50-7f46-9f31-5b2a9774e7dd
2026-09-09,"XRP 15-minute binary, close 26SEP090645",KXXRP15M-26SEP090645-45,Buy to Open (held to settlement),20.0,0.97,1.0,0.04,0.5592,06:44:48,EDT,2026-09-09T10:44:48Z,2026-09-09T10:45:20Z,Short-term (under 1 hour),20.0,19.44,0.56,ENTRY,,SETTLED,YES,01a085c5-3100-75b5-ad66-05b31d76ba39
2026-09-09,"XRP 15-minute binary, close 26SEP090700",KXXRP15M-26SEP090700-00,Buy to Open (held to settlement),20.0,0.96,1.0,0.052,0.7462,06:59:31,EDT,2026-09-09T10:59:31Z,2026-09-09T11:00:20Z,Short-term (under 1 hour),20.0,19.252,0.748,ENTRY,,SETTLED,YES,01a085d2-aa38-7cbc-ac91-0c3253e7506d
2026-09-09,"Ethereum 15-minute binary, close 26SEP090715",KXETH15M-26SEP090715-15,Buy to Open (held to settlement),20.0,0.98,1.0,0.026,0.3725,07:14:31,EDT,2026-09-09T11:14:31Z,2026-09-09T11:15:20Z,Short-term (under 1 hour),20.0,19.626,0.374,ENTRY,,SETTLED,NO,01a085e0-65d8-7198-a8c9-14b674fa3ca5
2026-09-09,"Dogecoin 15-minute binary, close 26SEP090745",KXDOGE15M-26SEP090745-45,Buy to Open (held to settlement),20.0,0.926,1.0,0.096,1.384,07:44:56,EDT,2026-09-09T11:44:56Z,2026-09-09T11:45:20Z,Short-term (under 1 hour),20.0,18.616,1.384,ENTRY,,SETTLED,YES,01a085fc-3ec0-766a-8d27-2ce26542bbdc
2026-09-09,"XRP 15-minute binary, close 26SEP090900",KXXRP15M-26SEP090900-00,Buy to Open (held to settlement),17.0,0.961,1.0,0.0442,0.6183,08:59:48,EDT,2026-09-09T12:59:48Z,2026-09-09T13:00:20Z,Short-term (under 1 hour),17.0,16.3812,0.6188,ENTRY,,SETTLED,NO,01a08640-c9a0-7a61-bc98-44c893db4a20
2026-09-09,"Dogecoin 15-minute binary, close 26SEP090900",KXDOGE15M-26SEP090900-00,Buy to Open (held to settlement),20.0,0.948,1.0,0.068,0.9709,08:59:57,EDT,2026-09-09T12:59:57Z,2026-09-09T13:00:20Z,Short-term (under 1 hour),20.0,19.028,0.972,ENTRY,,SETTLED,YES,01a08640-ecc8-75f9-9cf3-cce0e7a65894
2026-09-09,"Ethereum 15-minute binary, close 26SEP091845",KXETH15M-26SEP091845-45,Buy to Open (held to settlement),20.0,0.98,1.0,0.026,0.3725,18:44:30,EDT,2026-09-09T22:44:30Z,2026-09-09T22:45:20Z,Short-term (under 1 hour),20.0,19.626,0.374,ENTRY,,SETTLED,YES,01a08858-14c8-7e43-9176-0c5c69c40e83
2026-09-09,"Bitcoin 15-minute binary, close 26SEP091930",KXBTC15M-26SEP091930-30,Buy to Open (held to settlement),20.0,0.968,1.0,0.042,0.5966,19:29:30,EDT,2026-09-09T23:29:30Z,2026-09-09T23:30:20Z,Short-term (under 1 hour),20.0,19.402,0.598,ENTRY,,SETTLED,YES,01a08881-47a8-7a99-b0d4-2788759446d3
2026-09-09,"Hyperliquid 15-minute binary, close 26SEP091930",KXHYPE15M-26SEP091930-30,Buy to Open (held to settlement),20.0,0.9392,1.0,0.08,1.136,19:29:37,EDT,2026-09-09T23:29:37Z,2026-09-09T23:30:20Z,Short-term (under 1 hour),20.0,18.864,1.136,ENTRY,,SETTLED,YES,01a08881-66e8-77a7-bb28-60eaea1ae618
2026-09-09,"BNB 15-minute binary, close 26SEP092015",KXBNB15M-26SEP092015-15,Buy to Open (held to settlement),20.0,0.976,1.0,0.032,0.4472,20:14:30,EDT,2026-09-10T00:14:30Z,2026-09-10T00:15:20Z,Short-term (under 1 hour),20.0,19.552,0.448,ENTRY,,SETTLED,YES,01a088aa-7e70-7dbd-9bd7-ce02c8e46c79
2026-09-09,"Hyperliquid 15-minute binary, close 26SEP092030",KXHYPE15M-26SEP092030-30,Buy to Open (held to settlement),20.0,0.98,1.0,0.026,0.3725,20:29:38,EDT,2026-09-10T00:29:38Z,2026-09-10T00:30:20Z,Short-term (under 1 hour),20.0,19.626,0.374,ENTRY,,SETTLED,NO,01a088b8-5568-7bf6-8fad-a80d31dfb6fe
2026-09-09,"Hyperliquid 15-minute binary, close 26SEP092100",KXHYPE15M-26SEP092100-00,Buy to Open (held to settlement),9.21,0.975,1.0,0.0157,0.2145,20:59:35,EDT,2026-09-10T00:59:35Z,2026-09-10T01:00:20Z,Short-term (under 1 hour),9.21,8.9955,0.2145,ENTRY,,SETTLED,NO,01a088d3-c4d8-776f-8bdf-a973a0e5f3e3
2026-09-09,"Solana 15-minute binary, close 26SEP092100",KXSOL15M-26SEP092100-00,Buy to Open (held to settlement),20.0,0.96,1.0,0.052,0.7462,20:59:48,EDT,2026-09-10T00:59:48Z,2026-09-10T01:00:20Z,Short-term (under 1 hour),20.0,19.252,0.748,ENTRY,,SETTLED,NO,01a088d3-f7a0-7a95-821b-5ab5790d3525
2026-09-09,"Solana 15-minute binary, close 26SEP092215",KXSOL15M-26SEP092215-15,Buy to Open (held to settlement),10.06,0.976,1.0,0.0161,0.2249,22:14:30,EDT,2026-09-10T02:14:30Z,2026-09-10T02:15:20Z,Short-term (under 1 hour),10.06,9.8347,0.2253,ENTRY,,SETTLED,YES,01a08918-5b70-7e1c-9acf-f822a617eb82
2026-09-09,"Dogecoin 15-minute binary, close 26SEP092215",KXDOGE15M-26SEP092215-15,Buy to Open (held to settlement),20.0,0.943,1.0,0.074,1.0647,22:14:43,EDT,2026-09-10T02:14:43Z,2026-09-10T02:15:20Z,Short-term (under 1 hour),20.0,18.934,1.066,ENTRY,,SETTLED,YES,01a08918-8e38-76e2-bc1d-8e8abd976fdb
2026-09-09,"Zcash 15-minute binary, close 26SEP092230",KXZEC15M-26SEP092230-30,Buy to Open (held to settlement),20.0,0.975,1.0,0.034,0.4658,22:29:30,EDT,2026-09-10T02:29:30Z,2026-09-10T02:30:20Z,Short-term (under 1 hour),20.0,19.534,0.466,ENTRY,,SETTLED,YES,01a08926-1710-7bb7-a9c7-73fc282fe963
2026-09-09,"BNB 15-minute binary, close 26SEP092230",KXBNB15M-26SEP092230-30,Buy to Open (held to settlement),20.0,0.64,1.0,0.322,6.8774,22:29:53,EDT,2026-09-10T02:29:53Z,2026-09-10T02:30:20Z,Short-term (under 1 hour),20.0,13.122,6.878,ENTRY,,SETTLED,YES,01a08926-70e8-782e-9bcc-3a0b6d81d556
2026-09-09,"Bitcoin 15-minute binary, close 26SEP092330",KXBTC15M-26SEP092330-30,Buy to Open (held to settlement),20.0,0.97,1.0,0.04,0.5592,23:29:32,EDT,2026-09-10T03:29:32Z,2026-09-10T03:30:20Z,Short-term (under 1 hour),20.0,19.44,0.56,ENTRY,,SETTLED,YES,01a0895d-0d60-76fc-8a9a-87664b1a05da
2026-09-09,"XRP 15-minute binary, close 26SEP092330",KXXRP15M-26SEP092330-30,Buy to Open (held to settlement),12.0,0.961,1.0,0.0312,0.4365,23:29:40,EDT,2026-09-10T03:29:40Z,2026-09-10T03:30:20Z,Short-term (under 1 hour),12.0,11.5632,0.4368,ENTRY,,SETTLED,YES,01a0895d-2ca0-731a-b9b6-21e7b1bd5d74
2026-09-09,"Bitcoin 15-minute binary, close 26SEP092345",KXBTC15M-26SEP092345-45,Buy to Open (held to settlement),0.02,0.979,1.0,0.0001,0.0003,23:44:30,EDT,2026-09-10T03:44:30Z,2026-09-10T03:45:20Z,Short-term (under 1 hour),0.02,0.0197,0.0003,ENTRY,,SETTLED,NO,01a0896a-c130-71b0-a10f-3ae39ac0d0f6
2026-09-10,"XRP 15-minute binary, close 26SEP100015",KXXRP15M-26SEP100015-15,Buy to Open (held to settlement),20.0,0.8,1.0,0.224,3.776,00:14:56,EDT,2026-09-10T04:14:56Z,2026-09-10T04:15:20Z,Short-term (under 1 hour),20.0,16.224,3.776,ENTRY,,SETTLED,YES,01a08986-9e00-794f-9027-e0db0cd08f7b
2026-09-10,"BNB 15-minute binary, close 26SEP100030",KXBNB15M-26SEP100030-30,Buy to Open (held to settlement),11.0,0.955,1.0,0.033,0.4619,00:29:30,EDT,2026-09-10T04:29:30Z,2026-09-10T04:30:20Z,Short-term (under 1 hour),11.0,10.538,0.462,ENTRY,,SETTLED,NO,01a08993-f410-7959-9123-772085ff358b
2026-09-10,"XRP 15-minute binary, close 26SEP100100",KXXRP15M-26SEP100100-00,Buy to Open (held to settlement),20.0,0.82,0.0,0.206,-16.6067,00:59:39,EDT,2026-09-10T04:59:39Z,2026-09-10T05:00:20Z,Short-term (under 1 hour),0.0,16.606,-16.606,ENTRY,,SETTLED,NO,01a089af-8e78-7331-8184-b3b164d784d7
2026-09-10,"Dogecoin 15-minute binary, close 26SEP100100",KXDOGE15M-26SEP100100-00,Buy to Open (held to settlement),20.0,0.8,1.0,0.224,3.776,00:59:41,EDT,2026-09-10T04:59:41Z,2026-09-10T05:00:20Z,Short-term (under 1 hour),20.0,16.224,3.776,ENTRY,,SETTLED,NO,01a089af-9260-72e9-a54d-94c2b6e45e79
2026-09-10,"Solana 15-minute binary, close 26SEP100115",KXSOL15M-26SEP100115-15,Buy to Open (held to settlement),20.0,0.978,1.0,0.03,0.4098,01:14:30,EDT,2026-09-10T05:14:30Z,2026-09-10T05:15:20Z,Short-term (under 1 hour),20.0,19.59,0.41,ENTRY,,SETTLED,YES,01a089bd-26f0-74d9-8a15-b57700609ec6
2026-09-10,"Bitcoin 15-minute binary, close 26SEP100115",KXBTC15M-26SEP100115-15,Buy to Open (held to settlement),20.0,0.953,1.0,0.062,0.8772,01:14:36,EDT,2026-09-10T05:14:36Z,2026-09-10T05:15:20Z,Short-term (under 1 hour),20.0,19.122,0.878,ENTRY,,SETTLED,YES,01a089bd-3e60-77ef-91e2-84d8c5939bf9
2026-09-10,"XRP 15-minute binary, close 26SEP100130",KXXRP15M-26SEP100130-30,Buy to Open (held to settlement),20.0,0.962,1.0,0.05,0.7088,01:29:30,EDT,2026-09-10T05:29:30Z,2026-09-10T05:30:20Z,Short-term (under 1 hour),20.0,19.29,0.71,ENTRY,,SETTLED,YES,01a089ca-e290-763f-99d2-5674a073e8da
2026-09-10,"BNB 15-minute binary, close 26SEP100130",KXBNB15M-26SEP100130-30,Buy to Open (held to settlement),18.64,0.94,0.0,0.0727,-17.5952,01:29:34,EDT,2026-09-10T05:29:34Z,2026-09-10T05:30:20Z,Short-term (under 1 hour),0.0,17.5943,-17.5943,ENTRY,,SETTLED,NO,01a089ca-f230-706f-a603-61676e3a35dd
2026-09-10,"BNB 15-minute binary, close 26SEP100145",KXBNB15M-26SEP100145-45,Buy to Open (held to settlement),17.45,0.94,1.0,0.0681,0.9781,01:44:45,EDT,2026-09-10T05:44:45Z,2026-09-10T05:45:20Z,Short-term (under 1 hour),17.45,16.4711,0.9789,ENTRY,,SETTLED,YES,01a089d8-d8c8-7e48-9a7b-573bd3ad4c35
2026-09-10,"Dogecoin 15-minute binary, close 26SEP100230",KXDOGE15M-26SEP100230-30,Buy to Open (held to settlement),20.0,0.978,1.0,0.03,0.4098,02:29:36,EDT,2026-09-10T06:29:36Z,2026-09-10T06:30:20Z,Short-term (under 1 hour),20.0,19.59,0.41,ENTRY,,SETTLED,YES,01a08a01-e880-766c-a65d-73e227ed3595
2026-09-10,"BNB 15-minute binary, close 26SEP100515",KXBNB15M-26SEP100515-15,Buy to Open (held to settlement),20.0,0.979,1.0,0.028,0.3912,05:14:43,EDT,2026-09-10T09:14:43Z,2026-09-10T09:15:20Z,Short-term (under 1 hour),20.0,19.608,0.392,ENTRY,,SETTLED,NO,01a08a99-13b8-7406-9eb1-d4bf9c2c8423
2026-09-10,"BNB 15-minute binary, close 26SEP100530",KXBNB15M-26SEP100530-30,Buy to Open (held to settlement),20.0,0.98,1.0,0.026,0.3725,05:29:55,EDT,2026-09-10T09:29:55Z,2026-09-10T09:30:20Z,Short-term (under 1 hour),20.0,19.626,0.374,ENTRY,,SETTLED,NO,01a08aa6-fe38-7e5e-8f88-2cddef43caf0
2026-09-10,"Bitcoin 15-minute binary, close 26SEP100600",KXBTC15M-26SEP100600-00,Buy to Open (held to settlement),18.02,0.979,1.0,0.0252,0.3524,05:59:37,EDT,2026-09-10T09:59:37Z,2026-09-10T10:00:20Z,Short-term (under 1 hour),18.02,17.6668,0.3532,ENTRY,,SETTLED,NO,01a08ac2-2b40-7e92-ae43-8e8f283e1e8a
2026-09-10,"Bitcoin 15-minute binary, close 26SEP100645",KXBTC15M-26SEP100645-45,Buy to Open (held to settlement),20.0,0.974,1.0,0.034,0.4845,06:44:30,EDT,2026-09-10T10:44:30Z,2026-09-10T10:45:20Z,Short-term (under 1 hour),20.0,19.514,0.486,ENTRY,,SETTLED,YES,01a08aeb-46b0-7dca-bc56-0b3feeda7a35
2026-09-10,"XRP 15-minute binary, close 26SEP100715",KXXRP15M-26SEP100715-15,Buy to Open (held to settlement),19.84,0.966,1.0,0.0456,0.6289,07:14:37,EDT,2026-09-10T11:14:37Z,2026-09-10T11:15:20Z,Short-term (under 1 hour),19.84,19.211,0.629,ENTRY,,SETTLED,NO,01a08b06-d948-7722-ac47-cd127bb5f23a
2026-09-10,"Zcash 15-minute binary, close 26SEP100730",KXZEC15M-26SEP100730-30,Buy to Open (held to settlement),20.0,0.933,1.0,0.086,1.2524,07:29:54,EDT,2026-09-10T11:29:54Z,2026-09-10T11:30:20Z,Short-term (under 1 hour),20.0,18.746,1.254,ENTRY,,SETTLED,YES,01a08b14-d750-7c04-b034-e86c9386224f
2026-09-10,"Solana 15-minute binary, close 26SEP100745",KXSOL15M-26SEP100745-45,Buy to Open (held to settlement),20.0,0.98,1.0,0.026,0.3725,07:44:44,EDT,2026-09-10T11:44:44Z,2026-09-10T11:45:20Z,Short-term (under 1 hour),20.0,19.626,0.374,ENTRY,,SETTLED,YES,01a08b22-6be0-7c7b-b553-37982f656cf8
2026-09-10,"XRP 15-minute binary, close 26SEP100815",KXXRP15M-26SEP100815-15,Buy to Open (held to settlement),20.0,0.965,1.0,0.046,0.6527,08:14:30,EDT,2026-09-10T12:14:30Z,2026-09-10T12:15:20Z,Short-term (under 1 hour),20.0,19.346,0.654,ENTRY,,SETTLED,NO,01a08b3d-ac70-7999-9d6f-13daa3157426
2026-09-10,"BNB 15-minute binary, close 26SEP100830",KXBNB15M-26SEP100830-30,Buy to Open (held to settlement),20.0,0.89,1.0,0.136,2.0629,08:29:38,EDT,2026-09-10T12:29:38Z,2026-09-10T12:30:20Z,Short-term (under 1 hour),20.0,17.936,2.064,ENTRY,,SETTLED,YES,01a08b4b-8750-7c2b-9880-c0bb2dbd5c96
2026-09-10,"NEAR 15-minute binary, close 26SEP100845",KXNEAR15M-26SEP100845-45,Buy to Open (held to settlement),20.0,0.939,1.0,0.08,1.1398,08:44:40,EDT,2026-09-10T12:44:40Z,2026-09-10T12:45:20Z,Short-term (under 1 hour),20.0,18.86,1.14,ENTRY,,SETTLED,YES,01a08b59-4ac0-72b9-91cb-2b62920ac3c9
2026-09-10,"BNB 15-minute binary, close 26SEP101045",KXBNB15M-26SEP101045-45,Buy to Open (held to settlement),13.0,0.946,1.0,0.0455,0.6555,10:44:51,EDT,2026-09-10T14:44:51Z,2026-09-10T14:45:20Z,Short-term (under 1 hour),13.0,12.3435,0.6565,ENTRY,,SETTLED,YES,01a08bc7-52b8-76e6-af4b-a703e8ea438c
2026-09-10,"Solana 15-minute binary, close 26SEP101100",KXSOL15M-26SEP101100-00,Buy to Open (held to settlement),10.0,0.976,1.0,0.016,0.2236,10:59:34,EDT,2026-09-10T14:59:34Z,2026-09-10T15:00:20Z,Short-term (under 1 hour),10.0,9.776,0.224,ENTRY,,SETTLED,YES,01a08bd4-cbf0-7c96-90a5-32518b6a3515
2026-09-10,"Solana 15-minute binary, close 26SEP101145",KXSOL15M-26SEP101145-45,Buy to Open (held to settlement),20.0,0.927,1.0,0.094,1.3652,11:44:46,EDT,2026-09-10T15:44:46Z,2026-09-10T15:45:20Z,Short-term (under 1 hour),20.0,18.634,1.366,ENTRY,,SETTLED,NO,01a08bfe-2db0-7949-894e-44bb207e6782
2026-09-10,"BNB 15-minute binary, close 26SEP101200",KXBNB15M-26SEP101200-00,Buy to Open (held to settlement),20.0,0.9624,1.0,0.05,0.7013,11:59:46,EDT,2026-09-10T15:59:46Z,2026-09-10T16:00:20Z,Short-term (under 1 hour),20.0,19.298,0.702,ENTRY,,SETTLED,YES,01a08c0b-e950-7f7e-b065-8bb9d324668f
2026-09-10,"Ethereum 15-minute binary, close 26SEP101245",KXETH15M-26SEP101245-45,Buy to Open (held to settlement),20.0,0.97,1.0,0.04,0.5592,12:44:36,EDT,2026-09-10T16:44:36Z,2026-09-10T16:45:20Z,Short-term (under 1 hour),20.0,19.44,0.56,ENTRY,,SETTLED,YES,01a08c34-f520-7301-96b1-2ebe0d73090a
2026-09-10,"BNB 15-minute binary, close 26SEP101315",KXBNB15M-26SEP101315-15,Buy to Open (held to settlement),20.0,0.925,1.0,0.096,1.4028,13:14:56,EDT,2026-09-10T17:14:56Z,2026-09-10T17:15:20Z,Short-term (under 1 hour),20.0,18.596,1.404,ENTRY,,SETTLED,YES,01a08c50-ba80-7026-8328-bac512178b4c
2026-09-10,"Hyperliquid 15-minute binary, close 26SEP101330",KXHYPE15M-26SEP101330-30,Buy to Open (held to settlement),3.0,0.972,1.0,0.0057,0.0782,13:29:50,EDT,2026-09-10T17:29:50Z,2026-09-10T17:30:20Z,Short-term (under 1 hour),3.0,2.9217,0.0783,ENTRY,,SETTLED,YES,01a08c5e-5eb0-7ed9-931e-c8868a1fce3b
2026-09-10,"XRP 15-minute binary, close 26SEP101430",KXXRP15M-26SEP101430-30,Buy to Open (held to settlement),20.0,0.979,1.0,0.028,0.3912,14:29:30,EDT,2026-09-10T18:29:30Z,2026-09-10T18:30:20Z,Short-term (under 1 hour),20.0,19.608,0.392,ENTRY,,SETTLED,YES,01a08c94-ff10-75d4-9cc9-3a25522610d0
2026-09-10,"BNB 15-minute binary, close 26SEP101515",KXBNB15M-26SEP101515-15,Buy to Open (held to settlement),16.75,0.973,1.0,0.0301,0.4214,15:14:46,EDT,2026-09-10T19:14:46Z,2026-09-10T19:15:20Z,Short-term (under 1 hour),16.75,16.3279,0.4221,ENTRY,,SETTLED,NO,01a08cbe-7070-7e45-92bf-201300e82cc7
2026-09-10,"Solana 15-minute binary, close 26SEP101545",KXSOL15M-26SEP101545-45,Buy to Open (held to settlement),20.0,0.919,1.0,0.104,1.5157,15:44:36,EDT,2026-09-10T19:44:36Z,2026-09-10T19:45:20Z,Short-term (under 1 hour),20.0,18.484,1.516,ENTRY,,SETTLED,NO,01a08cd9-c0a0-79bd-8f87-332db16b06d5
2026-09-10,"Solana 15-minute binary, close 26SEP101630",KXSOL15M-26SEP101630-30,Buy to Open (held to settlement),20.0,0.93,1.0,0.09,1.3088,16:29:57,EDT,2026-09-10T20:29:57Z,2026-09-10T20:30:20Z,Short-term (under 1 hour),20.0,18.69,1.31,ENTRY,,SETTLED,YES,01a08d03-4588-7172-a01d-c142177170de
2026-09-10,"Solana 15-minute binary, close 26SEP101700",KXSOL15M-26SEP101700-00,Buy to Open (held to settlement),20.0,0.909,1.0,0.114,1.7041,16:59:50,EDT,2026-09-10T20:59:50Z,2026-09-10T21:00:20Z,Short-term (under 1 hour),20.0,18.294,1.706,ENTRY,,SETTLED,NO,01a08d1e-a170-7d9c-8ba2-e80956583768
2026-09-10,"Zcash 15-minute binary, close 26SEP101715",KXZEC15M-26SEP101715-15,Buy to Open (held to settlement),8.0,0.975,1.0,0.0136,0.1863,17:14:30,EDT,2026-09-10T21:14:30Z,2026-09-10T21:15:20Z,Short-term (under 1 hour),8.0,7.8136,0.1864,ENTRY,,SETTLED,NO,01a08d2c-0ef0-797c-ad23-a76a09527c03
2026-09-10,"Ethereum 15-minute binary, close 26SEP101730",KXETH15M-26SEP101730-30,Buy to Open (held to settlement),20.0,0.959,1.0,0.054,0.7649,17:29:46,EDT,2026-09-10T21:29:46Z,2026-09-10T21:30:20Z,Short-term (under 1 hour),20.0,19.234,0.766,ENTRY,,SETTLED,YES,01a08d3a-0910-749a-aa55-25042062bbd1
2026-09-10,"Dogecoin 15-minute binary, close 26SEP101815",KXDOGE15M-26SEP101815-15,Buy to Open (held to settlement),20.0,0.0998,0.0,0.124,-2.1218,18:14:49,EDT,2026-09-10T22:14:49Z,2026-09-10T22:15:20Z,Short-term (under 1 hour),0.0,2.12,-2.12,ENTRY,,SETTLED,YES,01a08d63-47a8-7dfd-a532-3ec54343792a
2026-09-10,"Bitcoin 15-minute binary, close 26SEP101830",KXBTC15M-26SEP101830-30,Buy to Open (held to settlement),20.0,0.9779,1.0,0.03,0.4117,18:29:36,EDT,2026-09-10T22:29:36Z,2026-09-10T22:30:20Z,Short-term (under 1 hour),20.0,19.588,0.412,ENTRY,,SETTLED,NO,01a08d70-d080-7535-8bd9-dab55feb7ed7
2026-09-10,"NEAR 15-minute binary, close 26SEP101900",KXNEAR15M-26SEP101900-00,Buy to Open (held to settlement),20.0,0.98,1.0,0.026,0.3725,18:59:39,EDT,2026-09-10T22:59:39Z,2026-09-10T23:00:20Z,Short-term (under 1 hour),20.0,19.626,0.374,ENTRY,,SETTLED,NO,01a08d8c-5378-7b07-a6c2-7808bf884b93
2026-09-10,"Bitcoin 15-minute binary, close 26SEP101945",KXBTC15M-26SEP101945-45,Buy to Open (held to settlement),20.0,0.978,1.0,0.03,0.4098,19:44:44,EDT,2026-09-10T23:44:44Z,2026-09-10T23:45:20Z,Short-term (under 1 hour),20.0,19.59,0.41,ENTRY,,SETTLED,YES,01a08db5-99e0-717e-8ea1-72cf801279e1
2026-09-10,"Bitcoin 15-minute binary, close 26SEP102030",KXBTC15M-26SEP102030-30,Buy to Open (held to settlement),20.0,0.9059,1.0,0.118,1.7626,20:29:33,EDT,2026-09-11T00:29:33Z,2026-09-11T00:30:20Z,Short-term (under 1 hour),20.0,18.236,1.764,ENTRY,,SETTLED,YES,01a08dde-a1c8-7b5c-9f7f-a5ff94de407c
2026-09-10,"BNB 15-minute binary, close 26SEP102045",KXBNB15M-26SEP102045-45,Buy to Open (held to settlement),20.0,0.975,1.0,0.034,0.4658,20:44:46,EDT,2026-09-11T00:44:46Z,2026-09-11T00:45:20Z,Short-term (under 1 hour),20.0,19.534,0.466,ENTRY,,SETTLED,YES,01a08dec-9030-7049-a3ee-9876dd90ead9
2026-09-10,"XRP 15-minute binary, close 26SEP102145",KXXRP15M-26SEP102145-45,Buy to Open (held to settlement),20.0,0.974,1.0,0.034,0.4845,21:44:47,EDT,2026-09-11T01:44:47Z,2026-09-11T01:45:20Z,Short-term (under 1 hour),20.0,19.514,0.486,ENTRY,,SETTLED,YES,01a08e23-8298-7b89-9bf9-52bf75c4b853
2026-09-10,"NEAR 15-minute binary, close 26SEP102245",KXNEAR15M-26SEP102245-45,Buy to Open (held to settlement),20.0,0.98,1.0,0.026,0.3725,22:44:30,EDT,2026-09-11T02:44:30Z,2026-09-11T02:45:20Z,Short-term (under 1 hour),20.0,19.626,0.374,ENTRY,,SETTLED,NO,01a08e5a-2eb0-7ac2-9b20-4ce6cda5db33
2026-09-10,"Ethereum 15-minute binary, close 26SEP102315",KXETH15M-26SEP102315-15,Buy to Open (held to settlement),20.0,0.98,1.0,0.026,0.3725,23:14:33,EDT,2026-09-11T03:14:33Z,2026-09-11T03:15:20Z,Short-term (under 1 hour),20.0,19.626,0.374,ENTRY,,SETTLED,YES,01a08e75-b1a8-7058-8a94-987f925eebda
2026-09-10,"Hyperliquid 15-minute binary, close 26SEP102330",KXHYPE15M-26SEP102330-30,Buy to Open (held to settlement),20.0,0.919,1.0,0.104,1.5157,23:29:32,EDT,2026-09-11T03:29:32Z,2026-09-11T03:30:20Z,Short-term (under 1 hour),20.0,18.484,1.516,ENTRY,,SETTLED,NO,01a08e83-6960-7dad-ac70-b6c268b659c7
2026-09-10,"Hyperliquid 15-minute binary, close 26SEP110000",KXHYPE15M-26SEP110000-00,Buy to Open (held to settlement),20.0,0.96,1.0,0.052,0.7462,23:59:32,EDT,2026-09-11T03:59:32Z,2026-09-11T04:00:20Z,Short-term (under 1 hour),20.0,19.252,0.748,ENTRY,,SETTLED,NO,01a08e9e-e0a0-7600-aee5-5231105626ff
2026-09-11,"NEAR 15-minute binary, close 26SEP110015",KXNEAR15M-26SEP110015-15,Buy to Open (held to settlement),15.0,0.967,1.0,0.033,0.4614,00:14:44,EDT,2026-09-11T04:14:44Z,2026-09-11T04:15:20Z,Short-term (under 1 hour),15.0,14.538,0.462,ENTRY,,SETTLED,YES,01a08eac-cb20-7d2b-98a5-9a02c1eada8d
2026-09-11,"Hyperliquid 15-minute binary, close 26SEP110045",KXHYPE15M-26SEP110045-45,Buy to Open (held to settlement),20.0,0.963,1.0,0.048,0.6901,00:44:30,EDT,2026-09-11T04:44:30Z,2026-09-11T04:45:20Z,Short-term (under 1 hour),20.0,19.308,0.692,ENTRY,,SETTLED,YES,01a08ec8-0bb0-7548-a7fb-e14089d02eb3
2026-09-11,"Solana 15-minute binary, close 26SEP110100",KXSOL15M-26SEP110100-00,Buy to Open (held to settlement),20.0,0.974,1.0,0.034,0.4845,00:59:32,EDT,2026-09-11T04:59:32Z,2026-09-11T05:00:20Z,Short-term (under 1 hour),20.0,19.514,0.486,ENTRY,,SETTLED,NO,01a08ed5-cf20-75ef-8fb9-464cc442b844
2026-09-11,"Bitcoin 15-minute binary, close 26SEP110115",KXBTC15M-26SEP110115-15,Buy to Open (held to settlement),9.02,0.961,1.0,0.0235,0.3281,01:14:42,EDT,2026-09-11T05:14:42Z,2026-09-11T05:15:35Z,Short-term (under 1 hour),9.02,8.6917,0.3283,ENTRY,,SETTLED,YES,01a08ee3-b1d0-7505-bf44-d333efb8ed5f
2026-09-11,"Bitcoin 15-minute binary, close 26SEP110130",KXBTC15M-26SEP110130-30,Buy to Open (held to settlement),20.0,0.98,1.0,0.026,0.3725,01:29:30,EDT,2026-09-11T05:29:30Z,2026-09-11T05:30:20Z,Short-term (under 1 hour),20.0,19.626,0.374,ENTRY,,SETTLED,NO,01a08ef1-3e90-7eb7-803f-c3856486a6ed
2026-09-11,"XRP 15-minute binary, close 26SEP110200",KXXRP15M-26SEP110200-00,Buy to Open (held to settlement),20.0,0.936,1.0,0.082,1.1961,01:59:50,EDT,2026-09-11T05:59:50Z,2026-09-11T06:00:20Z,Short-term (under 1 hour),20.0,18.802,1.198,ENTRY,,SETTLED,NO,01a08f0d-03f0-7a3d-8f58-ee05fa5bf56f
2026-09-11,"XRP 15-minute binary, close 26SEP110245",KXXRP15M-26SEP110245-45,Buy to Open (held to settlement),20.0,0.959,1.0,0.054,0.7649,02:44:30,EDT,2026-09-11T06:44:30Z,2026-09-11T06:45:20Z,Short-term (under 1 hour),20.0,19.234,0.766,ENTRY,,SETTLED,YES,01a08f35-e8b0-7e68-9bba-b4a21ec8cb7e
2026-09-11,"Hyperliquid 15-minute binary, close 26SEP110245",KXHYPE15M-26SEP110245-45,Buy to Open (held to settlement),20.0,0.948,1.0,0.068,0.9709,02:44:33,EDT,2026-09-11T06:44:33Z,2026-09-11T06:45:20Z,Short-term (under 1 hour),20.0,19.028,0.972,ENTRY,,SETTLED,YES,01a08f35-f468-74a5-b953-e6c9b209adef
2026-09-11,"Hyperliquid 15-minute binary, close 26SEP110315",KXHYPE15M-26SEP110315-15,Buy to Open (held to settlement),20.0,0.98,1.0,0.026,0.3725,03:14:31,EDT,2026-09-11T07:14:31Z,2026-09-11T07:15:20Z,Short-term (under 1 hour),20.0,19.626,0.374,ENTRY,,SETTLED,YES,01a08f51-63d8-7ec6-8b35-14ab624aa9ac
2026-09-11,"Dogecoin 15-minute binary, close 26SEP110345",KXDOGE15M-26SEP110345-45,Buy to Open (held to settlement),19.5,0.917,1.0,0.1033,1.5146,03:44:37,EDT,2026-09-11T07:44:37Z,2026-09-11T07:45:20Z,Short-term (under 1 hour),19.5,17.9848,1.5152,ENTRY,,SETTLED,NO,01a08f6c-f288-71e4-b5cf-6da4ed3c3c2e
2026-09-11,"BNB 15-minute binary, close 26SEP110445",KXBNB15M-26SEP110445-45,Buy to Open (held to settlement),20.0,0.979,1.0,0.028,0.3912,04:44:37,EDT,2026-09-11T08:44:37Z,2026-09-11T08:45:20Z,Short-term (under 1 hour),20.0,19.608,0.392,ENTRY,,SETTLED,YES,01a08fa3-e108-71f9-a664-76832247ee3a
2026-09-11,"NEAR 15-minute binary, close 26SEP110515",KXNEAR15M-26SEP110515-15,Buy to Open (held to settlement),20.0,0.967,1.0,0.044,0.6153,05:14:39,EDT,2026-09-11T09:14:39Z,2026-09-11T09:15:20Z,Short-term (under 1 hour),20.0,19.384,0.616,ENTRY,,SETTLED,YES,01a08fbf-6018-75bd-8edf-cb623abb789c
2026-09-11,"Dogecoin 15-minute binary, close 26SEP110615",KXDOGE15M-26SEP110615-15,Buy to Open (held to settlement),20.0,0.97,1.0,0.04,0.5592,06:14:40,EDT,2026-09-11T10:14:40Z,2026-09-11T10:15:20Z,Short-term (under 1 hour),20.0,19.44,0.56,ENTRY,,SETTLED,YES,01a08ff6-5280-7090-b7c7-e0b59f7ddef8
2026-09-11,"BNB 15-minute binary, close 26SEP110700",KXBNB15M-26SEP110700-00,Buy to Open (held to settlement),2.0,0.977,1.0,0.0032,0.0428,06:59:30,EDT,2026-09-11T10:59:30Z,2026-09-11T11:00:20Z,Short-term (under 1 hour),2.0,1.9572,0.0428,ENTRY,,SETTLED,NO,01a0901f-5e50-7ce2-bf0c-c2b2a04d34b9
2026-09-11,"Bitcoin 15-minute binary, close 26SEP110700",KXBTC15M-26SEP110700-00,Buy to Open (held to settlement),0.02,0.95,1.0,0.0001,0.0009,06:59:48,EDT,2026-09-11T10:59:48Z,2026-09-11T11:00:20Z,Short-term (under 1 hour),0.02,0.0191,0.0009,ENTRY,,SETTLED,NO,01a0901f-a4a0-7b40-8bb3-e041fc1b7ae4
2026-09-11,"XRP 15-minute binary, close 26SEP110730",KXXRP15M-26SEP110730-30,Buy to Open (held to settlement),20.0,0.98,1.0,0.026,0.3725,07:29:42,EDT,2026-09-11T11:29:42Z,2026-09-11T11:30:20Z,Short-term (under 1 hour),20.0,19.626,0.374,ENTRY,,SETTLED,YES,01a0903b-0470-780d-b21a-495bb2e6238d
2026-09-11,"Hyperliquid 15-minute binary, close 26SEP110800",KXHYPE15M-26SEP110800-00,Buy to Open (held to settlement),20.0,0.98,1.0,0.026,0.3725,07:59:47,EDT,2026-09-11T11:59:47Z,2026-09-11T12:00:20Z,Short-term (under 1 hour),20.0,19.626,0.374,ENTRY,,SETTLED,YES,01a09056-8f38-7ae0-8c77-a4a49358601a
2026-09-11,"Solana 15-minute binary, close 26SEP110830",KXSOL15M-26SEP110830-30,Buy to Open (held to settlement),20.0,0.591,0.0,0.338,-12.1585,08:29:30,EDT,2026-09-11T12:29:30Z,2026-09-11T12:30:20Z,Short-term (under 1 hour),0.0,12.158,-12.158,ENTRY,,SETTLED,YES,01a09071-c410-7a31-9bc3-a634bef6bd8d
2026-09-11,"XRP 15-minute binary, close 26SEP111230",KXXRP15M-26SEP111230-30,Buy to Open (held to settlement),20.0,0.9776,1.0,0.03,0.4173,12:29:30,EDT,2026-09-11T16:29:30Z,2026-09-11T16:30:20Z,Short-term (under 1 hour),20.0,19.582,0.418,ENTRY,,SETTLED,NO,01a0914d-7e10-7553-bb92-856ff5fa35e8
2026-09-11,"Zcash 15-minute binary, close 26SEP111445",KXZEC15M-26SEP111445-45,Buy to Open (held to settlement),3.0,0.973,1.0,0.0054,0.0754,14:44:50,EDT,2026-09-11T18:44:50Z,2026-09-11T18:45:20Z,Short-term (under 1 hour),3.0,2.9244,0.0756,ENTRY,,SETTLED,YES,01a091c9-64d0-7759-bfda-ffb6ca3384d1
2026-09-11,"XRP 15-minute binary, close 26SEP111515",KXXRP15M-26SEP111515-15,Buy to Open (held to settlement),20.0,0.938,1.0,0.08,1.1585,15:14:37,EDT,2026-09-11T19:14:37Z,2026-09-11T19:15:20Z,Short-term (under 1 hour),20.0,18.84,1.16,ENTRY,,SETTLED,NO,01a091e4-a948-7868-ad1b-1c15f7bbd85f
2026-09-11,"Ethereum 15-minute binary, close 26SEP111645",KXETH15M-26SEP111645-45,Buy to Open (held to settlement),20.0,0.977,1.0,0.03,0.4285,16:44:32,EDT,2026-09-11T20:44:32Z,2026-09-11T20:45:20Z,Short-term (under 1 hour),20.0,19.57,0.43,ENTRY,,SETTLED,NO,01a09236-fb80-725b-897b-36226da574ff
2026-09-11,"Bitcoin 15-minute binary, close 26SEP111730",KXBTC15M-26SEP111730-30,Buy to Open (held to settlement),20.0,0.975,1.0,0.034,0.4658,17:29:31,EDT,2026-09-11T21:29:31Z,2026-09-11T21:30:20Z,Short-term (under 1 hour),20.0,19.534,0.466,ENTRY,,SETTLED,YES,01a09260-2a78-7384-a172-bc3faa2efacd
2026-09-11,"Bitcoin 15-minute binary, close 26SEP111745",KXBTC15M-26SEP111745-45,Buy to Open (held to settlement),20.0,0.979,1.0,0.028,0.3912,17:44:30,EDT,2026-09-11T21:44:30Z,2026-09-11T21:45:20Z,Short-term (under 1 hour),20.0,19.608,0.392,ENTRY,,SETTLED,NO,01a0926d-e230-78c9-ab06-1ce205ad8ce3
2026-09-11,"XRP 15-minute binary, close 26SEP111845",KXXRP15M-26SEP111845-45,Buy to Open (held to settlement),20.0,0.92,1.0,0.102,1.4969,18:44:30,EDT,2026-09-11T22:44:30Z,2026-09-11T22:45:20Z,Short-term (under 1 hour),20.0,18.502,1.498,ENTRY,,SETTLED,NO,01a092a4-d0b0-7c4b-bb6a-c7b975890111
2026-09-11,"Solana 15-minute binary, close 26SEP111845",KXSOL15M-26SEP111845-45,Buy to Open (held to settlement),20.0,0.83,1.0,0.196,3.2024,18:44:33,EDT,2026-09-11T22:44:33Z,2026-09-11T22:45:20Z,Short-term (under 1 hour),20.0,16.796,3.204,ENTRY,,SETTLED,NO,01a092a4-dc68-7354-bada-4ee979dca045
2026-09-11,"Bitcoin 15-minute binary, close 26SEP111900",KXBTC15M-26SEP111900-00,Buy to Open (held to settlement),20.0,0.953,1.0,0.062,0.8772,18:59:54,EDT,2026-09-11T22:59:54Z,2026-09-11T23:00:20Z,Short-term (under 1 hour),20.0,19.122,0.878,ENTRY,,SETTLED,NO,01a092b2-ea10-7a93-8a89-d3e54eed08aa
2026-09-11,"Ethereum 15-minute binary, close 26SEP111930",KXETH15M-26SEP111930-30,Buy to Open (held to settlement),20.0,0.969,1.0,0.042,0.5779,19:29:30,EDT,2026-09-11T23:29:30Z,2026-09-11T23:30:20Z,Short-term (under 1 hour),20.0,19.422,0.578,ENTRY,,SETTLED,NO,01a092ce-0390-7732-9a5b-68cbda6ccf43
2026-09-11,"NEAR 15-minute binary, close 26SEP111945",KXNEAR15M-26SEP111945-45,Buy to Open (held to settlement),14.3,0.951,1.0,0.0458,0.654,19:44:37,EDT,2026-09-11T23:44:37Z,2026-09-11T23:45:20Z,Short-term (under 1 hour),14.3,13.6451,0.6549,ENTRY,,SETTLED,NO,01a092db-da88-7c44-bc8f-42ceb52baa29
2026-09-11,"Bitcoin 15-minute binary, close 26SEP112000",KXBTC15M-26SEP112000-00,Buy to Open (held to settlement),20.0,0.963,1.0,0.048,0.6901,19:59:30,EDT,2026-09-11T23:59:30Z,2026-09-12T00:00:20Z,Short-term (under 1 hour),20.0,19.308,0.692,ENTRY,,SETTLED,YES,01a092e9-7ad0-73d8-9701-22ad3bd8419a
2026-09-11,"Ethereum 15-minute binary, close 26SEP112015",KXETH15M-26SEP112015-15,Buy to Open (held to settlement),20.0,0.9752,1.0,0.032,0.4621,20:14:37,EDT,2026-09-12T00:14:37Z,2026-09-12T00:15:20Z,Short-term (under 1 hour),20.0,19.536,0.464,ENTRY,,SETTLED,YES,01a092f7-51c8-7a0c-a06a-d11df5e96fa3
2026-09-11,"Bitcoin 15-minute binary, close 26SEP112030",KXBTC15M-26SEP112030-30,Buy to Open (held to settlement),20.0,0.948,1.0,0.068,0.9709,20:29:32,EDT,2026-09-12T00:29:32Z,2026-09-12T00:30:20Z,Short-term (under 1 hour),20.0,19.028,0.972,ENTRY,,SETTLED,NO,01a09304-f9e0-7c21-9e27-132fc08b6a51
2026-09-11,"Hyperliquid 15-minute binary, close 26SEP112045",KXHYPE15M-26SEP112045-45,Buy to Open (held to settlement),20.0,0.979,1.0,0.028,0.3912,20:44:30,EDT,2026-09-12T00:44:30Z,2026-09-12T00:45:20Z,Short-term (under 1 hour),20.0,19.608,0.392,ENTRY,,SETTLED,NO,01a09312-adb0-77c4-a14f-202bdbe024bf
2026-09-11,"XRP 15-minute binary, close 26SEP112045",KXXRP15M-26SEP112045-45,Buy to Open (held to settlement),20.0,0.969,1.0,0.042,0.5779,20:44:30,EDT,2026-09-12T00:44:30Z,2026-09-12T00:45:20Z,Short-term (under 1 hour),20.0,19.422,0.578,ENTRY,,SETTLED,YES,01a09312-adb0-7952-959a-17794a186306
2026-09-11,"Bitcoin 15-minute binary, close 26SEP112100",KXBTC15M-26SEP112100-00,Buy to Open (held to settlement),0.02,0.961,1.0,0.0002,0.0007,20:59:30,EDT,2026-09-12T00:59:30Z,2026-09-12T01:00:20Z,Short-term (under 1 hour),0.02,0.0194,0.0006,ENTRY,,SETTLED,YES,01a09320-6950-7a60-82e3-b02f61fcdb65
2026-09-11,"Dogecoin 15-minute binary, close 26SEP112100",KXDOGE15M-26SEP112100-00,Buy to Open (held to settlement),20.0,0.98,1.0,0.026,0.3725,20:59:30,EDT,2026-09-12T00:59:30Z,2026-09-12T01:00:20Z,Short-term (under 1 hour),20.0,19.626,0.374,ENTRY,,SETTLED,NO,01a09320-6950-744b-bdd0-0dd75840571f
2026-09-11,"Hyperliquid 15-minute binary, close 26SEP112200",KXHYPE15M-26SEP112200-00,Buy to Open (held to settlement),4.5,0.977,,0.0067,,21:59:30,EDT,2026-09-12T01:59:30Z,,,,4.4032,,ENTRY,,OPEN,,01a09357-57d0-79b1-8d9e-1771a1356947
2026-09-11,"Solana 15-minute binary, close 26SEP112200",KXSOL15M-26SEP112200-00,Buy to Open (held to settlement),20.0,0.939,,0.08,,21:59:32,EDT,2026-09-12T01:59:32Z,,,,18.86,,ENTRY,,OPEN,,01a09357-5fa0-708d-bd43-8c9e7a1e2171
2026-09-11,"Bitcoin 15-minute binary, close 26SEP112200",KXBTC15M-26SEP112200-00,Buy to Open (held to settlement),20.0,0.916,,0.106,,21:59:46,EDT,2026-09-12T01:59:46Z,,,,18.426,,ENTRY,,OPEN,,01a09357-9650-7d0a-abe6-c7bc12dde85f
2026-09-11,"Bitcoin 15-minute binary, close 26SEP112230",KXBTC15M-26SEP112230-30,Buy to Open (held to settlement),20.0,0.948,1.0,0.068,0.9709,22:29:30,EDT,2026-09-12T02:29:30Z,2026-09-12T02:30:20Z,Short-term (under 1 hour),20.0,19.028,0.972,ENTRY,,SETTLED,NO,01a09372-cf10-7829-850a-5ab4d6e5cac7
2026-09-11,"Solana 15-minute binary, close 26SEP112300",KXSOL15M-26SEP112300-00,Buy to Open (held to settlement),20.0,0.979,0.0,0.028,-19.6088,22:59:31,EDT,2026-09-12T02:59:31Z,2026-09-12T03:00:20Z,Short-term (under 1 hour),0.0,19.608,-19.608,ENTRY,,SETTLED,YES,01a0938e-4a38-7dcc-9734-8c213f0649ce
2026-09-11,"XRP 15-minute binary, close 26SEP112300",KXXRP15M-26SEP112300-00,Buy to Open (held to settlement),20.0,0.87,1.0,0.158,2.4416,22:59:38,EDT,2026-09-12T02:59:38Z,2026-09-12T03:00:20Z,Short-term (under 1 hour),20.0,17.558,2.442,ENTRY,,SETTLED,YES,01a0938e-6590-7d5d-b4dd-9b6783eb266e
2026-09-11,"Solana 15-minute binary, close 26SEP112315",KXSOL15M-26SEP112315-15,Buy to Open (held to settlement),20.0,0.958,1.0,0.056,0.7836,23:14:30,EDT,2026-09-12T03:14:30Z,2026-09-12T03:15:20Z,Short-term (under 1 hour),20.0,19.216,0.784,ENTRY,,SETTLED,YES,01a0939c-01f0-7d70-8cde-7627bed379fb
2026-09-11,"Solana 15-minute binary, close 26SEP112330",KXSOL15M-26SEP112330-30,Buy to Open (held to settlement),1.9,0.975,,0.0032,,23:29:31,EDT,2026-09-12T03:29:31Z,,,,1.8557,,ENTRY,,OPEN,,01a093a9-c178-7840-b995-aa6867e14e58
2026-09-11,"Bitcoin 15-minute binary, close 26SEP112330",KXBTC15M-26SEP112330-30,Buy to Open (held to settlement),20.0,0.979,,0.028,,23:29:31,EDT,2026-09-12T03:29:31Z,,,,19.608,,ENTRY,,OPEN,,01a093a9-c178-7288-86bb-51e43f647c02
2026-09-11,"XRP 15-minute binary, close 26SEP112330",KXXRP15M-26SEP112330-30,Buy to Open (held to settlement),20.0,0.973,,0.036,,23:29:41,EDT,2026-09-12T03:29:41Z,,,,19.496,,ENTRY,,OPEN,,01a093a9-e888-73bf-85e7-c58815896801
2026-09-11,"XRP 15-minute binary, close 26SEP112345",KXXRP15M-26SEP112345-45,Buy to Open (held to settlement),10.0,0.968,1.0,0.021,0.2983,23:44:30,EDT,2026-09-12T03:44:30Z,2026-09-12T03:45:20Z,Short-term (under 1 hour),10.0,9.701,0.299,ENTRY,,SETTLED,YES,01a093b7-7930-7d87-b1d4-91ec7c0e180b
2026-09-11,"NEAR 15-minute binary, close 26SEP112345",KXNEAR15M-26SEP112345-45,Buy to Open (held to settlement),20.0,0.962,1.0,0.05,0.7088,23:44:30,EDT,2026-09-12T03:44:30Z,2026-09-12T03:45:20Z,Short-term (under 1 hour),20.0,19.29,0.71,ENTRY,,SETTLED,YES,01a093b7-7930-7329-9d60-59864d038613
2026-09-11,"XRP 15-minute binary, close 26SEP120000",KXXRP15M-26SEP120000-00,Buy to Open (held to settlement),20.0,0.97,1.0,0.04,0.5592,23:59:30,EDT,2026-09-12T03:59:30Z,2026-09-12T04:00:20Z,Short-term (under 1 hour),20.0,19.44,0.56,ENTRY,,SETTLED,YES,01a093c5-34d0-724d-b774-bfb48292fafb
2026-09-11,"BNB 15-minute binary, close 26SEP120000",KXBNB15M-26SEP120000-00,Buy to Open (held to settlement),20.0,0.85,1.0,0.178,2.8214,23:59:55,EDT,2026-09-12T03:59:55Z,2026-09-12T04:00:20Z,Short-term (under 1 hour),20.0,17.178,2.822,ENTRY,,SETTLED,NO,01a093c5-9678-781f-8148-785fbc798032
2026-09-12,"XRP 15-minute binary, close 26SEP120015",KXXRP15M-26SEP120015-15,Buy to Open (held to settlement),20.0,0.959,1.0,0.054,0.7649,00:14:30,EDT,2026-09-12T04:14:30Z,2026-09-12T04:15:20Z,Short-term (under 1 hour),20.0,19.234,0.766,ENTRY,,SETTLED,YES,01a093d2-f070-76e5-897c-0c4b8196769e
2026-09-12,"Dogecoin 15-minute binary, close 26SEP120015",KXDOGE15M-26SEP120015-15,Buy to Open (held to settlement),8.32,0.88,1.0,0.0616,0.9368,00:14:35,EDT,2026-09-12T04:14:35Z,2026-09-12T04:15:20Z,Short-term (under 1 hour),8.32,7.3832,0.9368,ENTRY,,SETTLED,NO,01a093d3-03f8-72f7-ad36-4fe136cec40e
2026-09-12,"XRP 15-minute binary, close 26SEP120030",KXXRP15M-26SEP120030-30,Buy to Open (held to settlement),12.09,0.968,1.0,0.0254,0.3606,00:29:30,EDT,2026-09-12T04:29:30Z,2026-09-12T04:30:20Z,Short-term (under 1 hour),12.09,11.7285,0.3615,ENTRY,,SETTLED,YES,01a093e0-ac10-788d-ae5e-587490475027
2026-09-12,"Dogecoin 15-minute binary, close 26SEP120115",KXDOGE15M-26SEP120115-15,Buy to Open (held to settlement),13.95,0.911,1.0,0.0781,1.1623,01:14:48,EDT,2026-09-12T05:14:48Z,2026-09-12T05:15:20Z,Short-term (under 1 hour),13.95,12.7865,1.1635,ENTRY,,SETTLED,YES,01a0940a-2540-7ae0-bded-f9c6172a0d46
2026-09-12,"XRP 15-minute binary, close 26SEP120130",KXXRP15M-26SEP120130-30,Buy to Open (held to settlement),15.14,0.953,1.0,0.0469,0.6641,01:29:30,EDT,2026-09-12T05:29:30Z,2026-09-12T05:30:20Z,Short-term (under 1 hour),15.14,14.4753,0.6647,ENTRY,,SETTLED,YES,01a09417-9a90-7452-8c2d-5137ac58bb7c
2026-09-12,"Zcash 15-minute binary, close 26SEP120145",KXZEC15M-26SEP120145-45,Buy to Open (held to settlement),20.0,0.965,1.0,0.046,0.6527,01:44:37,EDT,2026-09-12T05:44:37Z,2026-09-12T05:45:20Z,Short-term (under 1 hour),20.0,19.346,0.654,ENTRY,,SETTLED,NO,01a09425-7188-7383-ab62-d47132ba7af2
2026-09-12,"BNB 15-minute binary, close 26SEP120145",KXBNB15M-26SEP120145-45,Buy to Open (held to settlement),20.0,0.929,1.0,0.092,1.3276,01:44:41,EDT,2026-09-12T05:44:41Z,2026-09-12T05:45:20Z,Short-term (under 1 hour),20.0,18.672,1.328,ENTRY,,SETTLED,YES,01a09425-8128-7158-9e79-ce5f24535194
2026-09-12,"Solana 15-minute binary, close 26SEP120200",KXSOL15M-26SEP120200-00,Buy to Open (held to settlement),10.0,0.969,1.0,0.021,0.2889,01:59:30,EDT,2026-09-12T05:59:30Z,2026-09-12T06:00:20Z,Short-term (under 1 hour),10.0,9.711,0.289,ENTRY,,SETTLED,YES,01a09433-11d0-718c-89b5-922aabcd8b11
2026-09-12,"Bitcoin 15-minute binary, close 26SEP120215",KXBTC15M-26SEP120215-15,Buy to Open (held to settlement),20.0,0.911,1.0,0.112,1.6664,02:14:32,EDT,2026-09-12T06:14:32Z,2026-09-12T06:15:20Z,Short-term (under 1 hour),20.0,18.332,1.668,ENTRY,,SETTLED,NO,01a09440-d540-7261-b3b1-18795c4f20e1
2026-09-12,"Dogecoin 15-minute binary, close 26SEP120230",KXDOGE15M-26SEP120230-30,Buy to Open (held to settlement),20.0,0.957,1.0,0.056,0.8023,02:29:30,EDT,2026-09-12T06:29:30Z,2026-09-12T06:30:20Z,Short-term (under 1 hour),20.0,19.196,0.804,ENTRY,,SETTLED,YES,01a0944e-8910-7de2-b53b-8587d017212a
2026-09-12,"Zcash 15-minute binary, close 26SEP120330",KXZEC15M-26SEP120330-30,Buy to Open (held to settlement),20.0,0.979,1.0,0.028,0.3912,03:29:47,EDT,2026-09-12T07:29:47Z,2026-09-12T07:30:20Z,Short-term (under 1 hour),20.0,19.608,0.392,ENTRY,,SETTLED,NO,01a09485-b9f8-7bfc-89b5-e13cfe94e6e3
2026-09-12,"Hyperliquid 15-minute binary, close 26SEP120400",KXHYPE15M-26SEP120400-00,Buy to Open (held to settlement),20.0,0.95,1.0,0.066,0.9334,03:59:30,EDT,2026-09-12T07:59:30Z,2026-09-12T08:00:20Z,Short-term (under 1 hour),20.0,19.066,0.934,ENTRY,,SETTLED,YES,01a094a0-eed0-77eb-803b-df591566f0d0
2026-09-12,"Solana 15-minute binary, close 26SEP120400",KXSOL15M-26SEP120400-00,Buy to Open (held to settlement),20.0,0.94,0.0,0.078,-18.879,03:59:41,EDT,2026-09-12T07:59:41Z,2026-09-12T08:00:20Z,Short-term (under 1 hour),0.0,18.878,-18.878,ENTRY,,SETTLED,NO,01a094a1-19c8-75b9-a1d6-811d19d37531
2026-09-12,"Bitcoin 15-minute binary, close 26SEP120415",KXBTC15M-26SEP120415-15,Buy to Open (held to settlement),20.0,0.979,1.0,0.028,0.3912,04:14:54,EDT,2026-09-12T08:14:54Z,2026-09-12T08:15:20Z,Short-term (under 1 hour),20.0,19.608,0.392,ENTRY,,SETTLED,YES,01a094af-0830-72bf-8874-29852b653206
2026-09-12,"NEAR 15-minute binary, close 26SEP120430",KXNEAR15M-26SEP120430-30,Buy to Open (held to settlement),20.0,0.976,1.0,0.032,0.4472,04:29:30,EDT,2026-09-12T08:29:30Z,2026-09-12T08:30:20Z,Short-term (under 1 hour),20.0,19.552,0.448,ENTRY,,SETTLED,NO,01a094bc-6610-757c-98d3-a00662c9794f
2026-09-12,"Zcash 15-minute binary, close 26SEP120430",KXZEC15M-26SEP120430-30,Buy to Open (held to settlement),16.0,0.9373,1.0,0.0656,0.9373,04:29:51,EDT,2026-09-12T08:29:51Z,2026-09-12T08:30:20Z,Short-term (under 1 hour),16.0,15.0624,0.9376,ENTRY,,SETTLED,YES,01a094bc-b818-7716-a76e-41b33abf3892
2026-09-12,"Bitcoin 15-minute binary, close 26SEP120500",KXBTC15M-26SEP120500-00,Buy to Open (held to settlement),20.0,0.978,1.0,0.03,0.4098,04:59:30,EDT,2026-09-12T08:59:30Z,2026-09-12T09:00:20Z,Short-term (under 1 hour),20.0,19.59,0.41,ENTRY,,SETTLED,YES,01a094d7-dd50-72d9-ae8a-9d409607b156
2026-09-12,"Solana 15-minute binary, close 26SEP120500",KXSOL15M-26SEP120500-00,Buy to Open (held to settlement),20.0,0.946,1.0,0.07,1.0084,04:59:36,EDT,2026-09-12T08:59:36Z,2026-09-12T09:00:20Z,Short-term (under 1 hour),20.0,18.99,1.01,ENTRY,,SETTLED,YES,01a094d7-f4c0-76dd-9773-217ef56dadd7
2026-09-12,"Hyperliquid 15-minute binary, close 26SEP120515",KXHYPE15M-26SEP120515-15,Buy to Open (held to settlement),20.0,0.964,1.0,0.048,0.6714,05:14:34,EDT,2026-09-12T09:14:34Z,2026-09-12T09:15:20Z,Short-term (under 1 hour),20.0,19.328,0.672,ENTRY,,SETTLED,YES,01a094e5-a890-7af2-863d-881c33bb4247
2026-09-12,"Bitcoin 15-minute binary, close 26SEP120530",KXBTC15M-26SEP120530-30,Buy to Open (held to settlement),20.0,0.98,1.0,0.026,0.3725,05:29:30,EDT,2026-09-12T09:29:30Z,2026-09-12T09:30:20Z,Short-term (under 1 hour),20.0,19.626,0.374,ENTRY,,SETTLED,NO,01a094f3-5490-7910-9227-ec0445fd9742
2026-09-12,"XRP 15-minute binary, close 26SEP120530",KXXRP15M-26SEP120530-30,Buy to Open (held to settlement),20.0,0.97,1.0,0.04,0.5592,05:29:49,EDT,2026-09-12T09:29:49Z,2026-09-12T09:30:20Z,Short-term (under 1 hour),20.0,19.44,0.56,ENTRY,,SETTLED,YES,01a094f3-9ec8-7a8d-adb5-8e72d9fcdecf
2026-09-12,"Bitcoin 15-minute binary, close 26SEP120545",KXBTC15M-26SEP120545-45,Buy to Open (held to settlement),0.02,0.954,1.0,0.0001,0.0008,05:44:35,EDT,2026-09-12T09:44:35Z,2026-09-12T09:45:20Z,Short-term (under 1 hour),0.02,0.0192,0.0008,ENTRY,,SETTLED,NO,01a09501-23b8-78fe-9aa5-735ccb6ccdc8
2026-09-12,"BNB 15-minute binary, close 26SEP120545",KXBNB15M-26SEP120545-45,Buy to Open (held to settlement),20.0,0.9,1.0,0.126,1.874,05:44:43,EDT,2026-09-12T09:44:43Z,2026-09-12T09:45:20Z,Short-term (under 1 hour),20.0,18.126,1.874,ENTRY,,SETTLED,NO,01a09501-42f8-72fd-860c-3dc2670ffc8c
2026-09-12,"Bitcoin 15-minute binary, close 26SEP120600",KXBTC15M-26SEP120600-00,Buy to Open (held to settlement),20.0,0.934,1.0,0.086,1.2336,05:59:30,EDT,2026-09-12T09:59:30Z,2026-09-12T10:00:20Z,Short-term (under 1 hour),20.0,18.766,1.234,ENTRY,,SETTLED,YES,01a0950e-cbd0-713c-8bb2-73932b18e7a5
2026-09-12,"Solana 15-minute binary, close 26SEP120600",KXSOL15M-26SEP120600-00,Buy to Open (held to settlement),1.0,0.949,1.0,,0.0476,05:59:35,EDT,2026-09-12T09:59:35Z,2026-09-12T10:00:35Z,Short-term (under 1 hour),1.0,0.949,0.051,HEDGE,YES,SETTLED,YES,01a0950e-df58-7fdf-af5d-ae50e658ea88
2026-09-12,"Dogecoin 15-minute binary, close 26SEP120630",KXDOGE15M-26SEP120630-30,Buy to Open (held to settlement),20.0,0.98,1.0,0.026,0.3725,06:29:30,EDT,2026-09-12T10:29:30Z,2026-09-12T10:30:20Z,Short-term (under 1 hour),20.0,19.626,0.374,ENTRY,,SETTLED,NO,01a0952a-4310-7921-9999-fffdfe2197f6
2026-09-12,"Hyperliquid 15-minute binary, close 26SEP120645",KXHYPE15M-26SEP120645-45,Buy to Open (held to settlement),20.0,0.975,1.0,0.034,0.4658,06:44:36,EDT,2026-09-12T10:44:36Z,2026-09-12T10:45:20Z,Short-term (under 1 hour),20.0,19.534,0.466,ENTRY,,SETTLED,NO,01a09538-1620-7cb3-a131-7866878cc9a2
2026-09-12,"Bitcoin 15-minute binary, close 26SEP120715",KXBTC15M-26SEP120715-15,Buy to Open (held to settlement),20.0,0.936,1.0,0.082,1.1961,07:14:30,EDT,2026-09-12T11:14:30Z,2026-09-12T11:15:20Z,Short-term (under 1 hour),20.0,18.802,1.198,ENTRY,,SETTLED,NO,01a09553-75f0-7d10-bbca-fa024a701165
2026-09-12,"Ethereum 15-minute binary, close 26SEP120730",KXETH15M-26SEP120730-30,Buy to Open (held to settlement),10.0,0.961,1.0,0.026,0.3637,07:29:30,EDT,2026-09-12T11:29:30Z,2026-09-12T11:30:20Z,Short-term (under 1 hour),10.0,9.636,0.364,ENTRY,,SETTLED,YES,01a09561-3190-7298-b927-e4b07dfc3db1
2026-09-12,"BNB 15-minute binary, close 26SEP120745",KXBNB15M-26SEP120745-45,Buy to Open (held to settlement),19.0,0.971,1.0,0.0361,0.5135,07:44:30,EDT,2026-09-12T11:44:30Z,2026-09-12T11:45:20Z,Short-term (under 1 hour),19.0,18.4851,0.5149,ENTRY,,SETTLED,NO,01a0956e-ed30-7b9c-b304-b1ef84e80c49
2026-09-12,"Dogecoin 15-minute binary, close 26SEP120800",KXDOGE15M-26SEP120800-00,Buy to Open (held to settlement),20.0,0.975,1.0,0.034,0.4658,07:59:30,EDT,2026-09-12T11:59:30Z,2026-09-12T12:00:20Z,Short-term (under 1 hour),20.0,19.534,0.466,ENTRY,,SETTLED,NO,01a0957c-a8d0-7a44-abb9-8aae84995b03
2026-09-12,"NEAR 15-minute binary, close 26SEP120800",KXNEAR15M-26SEP120800-00,Buy to Open (held to settlement),0.24,0.969,1.0,0.0005,0.0068,07:59:30,EDT,2026-09-12T11:59:30Z,2026-09-12T12:00:20Z,Short-term (under 1 hour),0.24,0.2331,0.0069,ENTRY,,SETTLED,NO,01a0957c-a8d0-758c-8a53-83b22e01e951
2026-09-12,"Zcash 15-minute binary, close 26SEP120800",KXZEC15M-26SEP120800-00,Buy to Open (held to settlement),20.0,0.963,1.0,0.048,0.6901,07:59:30,EDT,2026-09-12T11:59:30Z,2026-09-12T12:00:20Z,Short-term (under 1 hour),20.0,19.308,0.692,ENTRY,,SETTLED,YES,01a0957c-a8d0-7921-82fa-c8a36cd657ae
2026-09-12,"NEAR 15-minute binary, close 26SEP120815",KXNEAR15M-26SEP120815-15,Buy to Open (held to settlement),20.0,0.975,1.0,0.034,0.4658,08:14:45,EDT,2026-09-12T12:14:45Z,2026-09-12T12:15:20Z,Short-term (under 1 hour),20.0,19.534,0.466,ENTRY,,SETTLED,NO,01a0958a-9f08-7abe-8219-e36dfa9469aa
2026-09-12,"XRP 15-minute binary, close 26SEP120830",KXXRP15M-26SEP120830-30,Buy to Open (held to settlement),20.0,0.963,1.0,0.048,0.6901,08:29:30,EDT,2026-09-12T12:29:30Z,2026-09-12T12:30:20Z,Short-term (under 1 hour),20.0,19.308,0.692,ENTRY,,SETTLED,YES,01a09598-2010-7b8a-bda8-d4e689dc6520
2026-09-12,"Bitcoin 15-minute binary, close 26SEP120845",KXBTC15M-26SEP120845-45,Buy to Open (held to settlement),20.0,0.96,1.0,0.052,0.7462,08:44:38,EDT,2026-09-12T12:44:38Z,2026-09-12T12:45:20Z,Short-term (under 1 hour),20.0,19.252,0.748,ENTRY,,SETTLED,NO,01a095a5-faf0-766e-a916-bc5f38f2ecfb
2026-09-12,"Bitcoin 15-minute binary, close 26SEP120900",KXBTC15M-26SEP120900-00,Buy to Open (held to settlement),0.06,0.9317,1.0,0.0003,0.0038,08:59:55,EDT,2026-09-12T12:59:55Z,2026-09-12T13:00:20Z,Short-term (under 1 hour),0.06,0.0562,0.0038,ENTRY,,SETTLED,NO,01a095b3-f8f8-788d-9d8c-93932a975a59
2026-09-12,"Ethereum 15-minute binary, close 26SEP120930",KXETH15M-26SEP120930-30,Buy to Open (held to settlement),20.0,0.98,1.0,0.026,0.3725,09:29:30,EDT,2026-09-12T13:29:30Z,2026-09-12T13:30:20Z,Short-term (under 1 hour),20.0,19.626,0.374,ENTRY,,SETTLED,YES,01a095cf-0e90-7eb9-8ef4-5f01f5d282e8
2026-09-12,"Bitcoin 15-minute binary, close 26SEP120930",KXBTC15M-26SEP120930-30,Buy to Open (held to settlement),0.02,0.954,1.0,0.0001,0.0008,09:29:35,EDT,2026-09-12T13:29:35Z,2026-09-12T13:30:20Z,Short-term (under 1 hour),0.02,0.0192,0.0008,ENTRY,,SETTLED,NO,01a095cf-2218-7aef-b142-1dd56f542499
2026-09-12,"Bitcoin 15-minute binary, close 26SEP120945",KXBTC15M-26SEP120945-45,Buy to Open (held to settlement),20.0,0.9,1.0,0.126,1.874,09:44:30,EDT,2026-09-12T13:44:30Z,2026-09-12T13:45:20Z,Short-term (under 1 hour),20.0,18.126,1.874,ENTRY,,SETTLED,NO,01a095dc-ca30-7569-a07b-5f7074f622d9
2026-09-12,"Dogecoin 15-minute binary, close 26SEP121000",KXDOGE15M-26SEP121000-00,Buy to Open (held to settlement),20.0,0.978,1.0,0.03,0.4098,09:59:34,EDT,2026-09-12T13:59:34Z,2026-09-12T14:00:20Z,Short-term (under 1 hour),20.0,19.59,0.41,ENTRY,,SETTLED,YES,01a095ea-9570-7673-851d-bca35dc567aa
2026-09-12,"Hyperliquid 15-minute binary, close 26SEP121045",KXHYPE15M-26SEP121045-45,Buy to Open (held to settlement),20.0,0.98,1.0,0.026,0.3725,10:44:30,EDT,2026-09-12T14:44:30Z,2026-09-12T14:45:20Z,Short-term (under 1 hour),20.0,19.626,0.374,ENTRY,,SETTLED,NO,01a09613-b8b0-776a-a7a9-f5cf6a6625ac
2026-09-12,"Bitcoin 15-minute binary, close 26SEP121100",KXBTC15M-26SEP121100-00,Buy to Open (held to settlement),20.0,0.9,1.0,0.126,1.874,10:59:30,EDT,2026-09-12T14:59:30Z,2026-09-12T15:00:20Z,Short-term (under 1 hour),20.0,18.126,1.874,ENTRY,,SETTLED,NO,01a09621-7450-7b46-98c6-d7379d1455ef
2026-09-12,"Bitcoin 15-minute binary, close 26SEP121100",KXBTC15M-26SEP121100-00,Buy to Open (held to settlement),20.0,0.14,0.0,,-2.9686,10:59:36,EDT,2026-09-12T14:59:36Z,2026-09-12T15:00:35Z,Short-term (under 1 hour),0.0,2.8,-2.8,HEDGE,YES,SETTLED,NO,01a09621-8bc0-719c-b3eb-680a41073abd
2026-09-12,"Ethereum 15-minute binary, close 26SEP121115",KXETH15M-26SEP121115-15,Buy to Open (held to settlement),20.0,0.98,1.0,0.026,0.1117,11:14:31,EDT,2026-09-12T15:14:31Z,2026-09-12T15:15:20Z,Short-term (under 1 hour),20.0,19.626,0.374,ENTRY,,SETTLED,NO,01a0962f-33d8-7760-a83b-1a30cef88b23
2026-09-12,"Ethereum 15-minute binary, close 26SEP121115",KXETH15M-26SEP121115-15,Buy to Open (held to settlement),14.0,0.26,0.0,,-3.8286,11:14:33,EDT,2026-09-12T15:14:33Z,2026-09-12T15:15:35Z,Short-term (under 1 hour),0.0,3.64,-3.64,HEDGE,YES,SETTLED,NO,01a0962f-3ba8-7f0c-a7ee-67d310cc6e01
2026-09-12,"Ethereum 15-minute binary, close 26SEP121115",KXETH15M-26SEP121115-15,Buy to Open (held to settlement),6.0,0.27,0.0,,-1.7028,11:14:34,EDT,2026-09-12T15:14:34Z,2026-09-12T15:15:50Z,Short-term (under 1 hour),0.0,1.62,-1.62,HEDGE,YES,SETTLED,NO,01a0962f-3f90-72f5-b7f0-4b0748ab5e96
2026-09-12,"XRP 15-minute binary, close 26SEP121130",KXXRP15M-26SEP121130-30,Buy to Open (held to settlement),20.0,0.975,1.0,0.034,0.4658,11:29:46,EDT,2026-09-12T15:29:46Z,2026-09-12T15:30:20Z,Short-term (under 1 hour),20.0,19.534,0.466,ENTRY,,SETTLED,NO,01a0963d-2a10-7461-a642-d2b43b57a775
2026-09-12,"XRP 15-minute binary, close 26SEP121145",KXXRP15M-26SEP121145-45,Buy to Open (held to settlement),20.0,0.967,1.0,0.044,0.6153,11:44:31,EDT,2026-09-12T15:44:31Z,2026-09-12T15:45:20Z,Short-term (under 1 hour),20.0,19.384,0.616,ENTRY,,SETTLED,YES,01a0964a-ab18-7a51-80c3-1f2e362327e2
2026-09-12,"Dogecoin 15-minute binary, close 26SEP121145",KXDOGE15M-26SEP121145-45,Buy to Open (held to settlement),20.0,0.945,1.0,0.072,1.0272,11:44:35,EDT,2026-09-12T15:44:35Z,2026-09-12T15:45:20Z,Short-term (under 1 hour),20.0,18.972,1.028,ENTRY,,SETTLED,YES,01a0964a-bab8-7453-a980-6d08951bc123
2026-09-12,"Bitcoin 15-minute binary, close 26SEP121200",KXBTC15M-26SEP121200-00,Buy to Open (held to settlement),20.0,0.964,1.0,0.048,0.6714,11:59:30,EDT,2026-09-12T15:59:30Z,2026-09-12T16:00:20Z,Short-term (under 1 hour),20.0,19.328,0.672,ENTRY,,SETTLED,NO,01a09658-62d0-7153-bc6a-d91adb000d80
2026-09-12,"Ethereum 15-minute binary, close 26SEP121215",KXETH15M-26SEP121215-15,Buy to Open (held to settlement),20.0,0.97,1.0,0.04,0.5592,12:14:31,EDT,2026-09-12T16:14:31Z,2026-09-12T16:15:20Z,Short-term (under 1 hour),20.0,19.44,0.56,ENTRY,,SETTLED,NO,01a09666-2258-751b-8c38-82141ad97066
2026-09-12,"Solana 15-minute binary, close 26SEP121230",KXSOL15M-26SEP121230-30,Buy to Open (held to settlement),20.0,0.95,1.0,0.066,0.9334,12:29:32,EDT,2026-09-12T16:29:32Z,2026-09-12T16:30:20Z,Short-term (under 1 hour),20.0,19.066,0.934,ENTRY,,SETTLED,YES,01a09673-e1e0-78b2-9022-97ed3b5aa217
2026-09-12,"XRP 15-minute binary, close 26SEP121300",KXXRP15M-26SEP121300-00,Buy to Open (held to settlement),10.0,0.973,1.0,0.018,0.2516,12:59:44,EDT,2026-09-12T16:59:44Z,2026-09-12T17:00:20Z,Short-term (under 1 hour),10.0,9.748,0.252,ENTRY,,SETTLED,YES,01a0968f-8800-76c9-be8f-d36938dd57ef
2026-09-12,"Bitcoin 15-minute binary, close 26SEP121300",KXBTC15M-26SEP121300-00,Buy to Open (held to settlement),20.0,0.958,1.0,0.056,0.7836,12:59:53,EDT,2026-09-12T16:59:53Z,2026-09-12T17:00:20Z,Short-term (under 1 hour),20.0,19.216,0.784,ENTRY,,SETTLED,NO,01a0968f-ab28-708b-8b6b-7191077c2233
2026-09-12,"Dogecoin 15-minute binary, close 26SEP121315",KXDOGE15M-26SEP121315-15,Buy to Open (held to settlement),20.0,0.98,1.0,0.026,0.3725,13:14:30,EDT,2026-09-12T17:14:30Z,2026-09-12T17:15:20Z,Short-term (under 1 hour),20.0,19.626,0.374,ENTRY,,SETTLED,NO,01a0969d-0cf0-7119-9829-a53ea5070d0d
2026-09-12,"Bitcoin 15-minute binary, close 26SEP121315",KXBTC15M-26SEP121315-15,Buy to Open (held to settlement),8.02,0.974,1.0,0.0136,0.1942,13:14:36,EDT,2026-09-12T17:14:36Z,2026-09-12T17:15:20Z,Short-term (under 1 hour),8.02,7.8251,0.1949,ENTRY,,SETTLED,NO,01a0969d-2460-70d0-a34d-8047db9982c5
2026-09-12,"Solana 15-minute binary, close 26SEP121430",KXSOL15M-26SEP121430-30,Buy to Open (held to settlement),20.0,0.946,1.0,0.07,1.0084,14:29:30,EDT,2026-09-12T18:29:30Z,2026-09-12T18:30:20Z,Short-term (under 1 hour),20.0,18.99,1.01,ENTRY,,SETTLED,NO,01a096e1-b710-7339-a531-4726924a46d6
2026-09-12,"Bitcoin 15-minute binary, close 26SEP121445",KXBTC15M-26SEP121445-45,Buy to Open (held to settlement),0.02,0.979,1.0,0.0001,0.0003,14:44:30,EDT,2026-09-12T18:44:30Z,2026-09-12T18:45:20Z,Short-term (under 1 hour),0.02,0.0197,0.0003,ENTRY,,SETTLED,NO,01a096ef-72b0-7465-8ce1-82b583712e42
2026-09-12,"Ethereum 15-minute binary, close 26SEP121515",KXETH15M-26SEP121515-15,Buy to Open (held to settlement),20.0,0.976,1.0,0.032,0.4472,15:14:56,EDT,2026-09-12T19:14:56Z,2026-09-12T19:15:20Z,Short-term (under 1 hour),20.0,19.552,0.448,ENTRY,,SETTLED,YES,01a0970b-4f80-76ec-a9ae-9680af43946f
2026-09-12,"Dogecoin 15-minute binary, close 26SEP121530",KXDOGE15M-26SEP121530-30,Buy to Open (held to settlement),20.0,0.98,1.0,0.026,0.3725,15:29:40,EDT,2026-09-12T19:29:40Z,2026-09-12T19:30:20Z,Short-term (under 1 hour),20.0,19.626,0.374,ENTRY,,SETTLED,NO,01a09718-cca0-7531-be47-d587cda9169d
2026-09-12,"Dogecoin 15-minute binary, close 26SEP121630",KXDOGE15M-26SEP121630-30,Buy to Open (held to settlement),20.0,0.963,1.0,0.048,0.6901,16:29:33,EDT,2026-09-12T20:29:33Z,2026-09-12T20:30:20Z,Short-term (under 1 hour),20.0,19.308,0.692,ENTRY,,SETTLED,NO,01a0974f-9fc8-77f8-b0c9-239c3fc96f92
2026-09-12,"Hyperliquid 15-minute binary, close 26SEP121645",KXHYPE15M-26SEP121645-45,Buy to Open (held to settlement),20.0,0.98,1.0,0.026,0.3725,16:44:30,EDT,2026-09-12T20:44:30Z,2026-09-12T20:45:20Z,Short-term (under 1 hour),20.0,19.626,0.374,ENTRY,,SETTLED,NO,01a0975d-4fb0-7396-b0b3-e946102f0e37
2026-09-12,"XRP 15-minute binary, close 26SEP121645",KXXRP15M-26SEP121645-45,Buy to Open (held to settlement),20.0,0.946,1.0,0.07,1.0084,16:44:48,EDT,2026-09-12T20:44:48Z,2026-09-12T20:45:20Z,Short-term (under 1 hour),20.0,18.99,1.01,ENTRY,,SETTLED,YES,01a0975d-9600-7c61-91d5-be09556932fc
2026-09-12,"BNB 15-minute binary, close 26SEP121730",KXBNB15M-26SEP121730-30,Buy to Open (held to settlement),20.0,0.979,1.0,0.028,0.3912,17:29:30,EDT,2026-09-12T21:29:30Z,2026-09-12T21:30:20Z,Short-term (under 1 hour),20.0,19.608,0.392,ENTRY,,SETTLED,YES,01a09786-8290-7fcc-92d7-745898afa739
2026-09-12,"XRP 15-minute binary, close 26SEP121730",KXXRP15M-26SEP121730-30,Buy to Open (held to settlement),20.0,0.926,1.0,0.096,1.384,17:29:31,EDT,2026-09-12T21:29:31Z,2026-09-12T21:30:20Z,Short-term (under 1 hour),20.0,18.616,1.384,ENTRY,,SETTLED,YES,01a09786-8678-7f14-b8ed-517dc681e3ae
2026-09-12,"Ethereum 15-minute binary, close 26SEP121745",KXETH15M-26SEP121745-45,Buy to Open (held to settlement),20.0,0.84,1.0,0.188,3.0118,17:44:38,EDT,2026-09-12T21:44:38Z,2026-09-12T21:45:20Z,Short-term (under 1 hour),20.0,16.988,3.012,ENTRY,,SETTLED,NO,01a09794-5d70-7947-9d91-ae97b5045d00
2026-09-12,"Bitcoin 15-minute binary, close 26SEP121800",KXBTC15M-26SEP121800-00,Buy to Open (held to settlement),20.0,0.89,1.0,0.136,2.0629,17:59:30,EDT,2026-09-12T21:59:30Z,2026-09-12T22:00:20Z,Short-term (under 1 hour),20.0,17.936,2.064,ENTRY,,SETTLED,YES,01a097a1-f9d0-7e5f-8dbe-008ab918016c
2026-09-12,"Dogecoin 15-minute binary, close 26SEP121815",KXDOGE15M-26SEP121815-15,Buy to Open (held to settlement),12.13,0.975,1.0,0.0206,0.2826,18:14:30,EDT,2026-09-12T22:14:30Z,2026-09-12T22:15:20Z,Short-term (under 1 hour),12.13,11.8474,0.2826,ENTRY,,SETTLED,NO,01a097af-b570-7abb-87dd-a59c9784d99c
2026-09-12,"XRP 15-minute binary, close 26SEP121815",KXXRP15M-26SEP121815-15,Buy to Open (held to settlement),17.0,0.965,1.0,0.0391,0.5548,18:14:32,EDT,2026-09-12T22:14:32Z,2026-09-12T22:15:20Z,Short-term (under 1 hour),17.0,16.4441,0.5559,ENTRY,,SETTLED,NO,01a097af-bd40-7676-90be-fac5830706a2
2026-09-12,"BNB 15-minute binary, close 26SEP121830",KXBNB15M-26SEP121830-30,Buy to Open (held to settlement),20.0,0.973,1.0,0.036,0.5032,18:29:30,EDT,2026-09-12T22:29:30Z,2026-09-12T22:30:20Z,Short-term (under 1 hour),20.0,19.496,0.504,ENTRY,,SETTLED,NO,01a097bd-7110-7f42-96f0-4fa73b570115
2026-09-12,"Bitcoin 15-minute binary, close 26SEP121845",KXBTC15M-26SEP121845-45,Buy to Open (held to settlement),20.0,0.968,1.0,0.042,0.5966,18:44:30,EDT,2026-09-12T22:44:30Z,2026-09-12T22:45:20Z,Short-term (under 1 hour),20.0,19.402,0.598,ENTRY,,SETTLED,NO,01a097cb-2cb0-7b55-89e9-a0689466a94f
2026-09-12,"BNB 15-minute binary, close 26SEP121845",KXBNB15M-26SEP121845-45,Buy to Open (held to settlement),20.0,0.957,1.0,0.056,0.8023,18:44:30,EDT,2026-09-12T22:44:30Z,2026-09-12T22:45:20Z,Short-term (under 1 hour),20.0,19.196,0.804,ENTRY,,SETTLED,NO,01a097cb-2cb0-7726-98a3-37a6a52909d1
2026-09-12,"Zcash 15-minute binary, close 26SEP121915",KXZEC15M-26SEP121915-15,Buy to Open (held to settlement),20.0,0.975,1.0,0.034,0.4658,19:14:30,EDT,2026-09-12T23:14:30Z,2026-09-12T23:15:20Z,Short-term (under 1 hour),20.0,19.534,0.466,ENTRY,,SETTLED,YES,01a097e6-a3f0-7161-a70d-44b7cc33b247
2026-09-12,"Solana 15-minute binary, close 26SEP121915",KXSOL15M-26SEP121915-15,Buy to Open (held to settlement),9.41,0.968,1.0,0.0198,0.2806,19:14:37,EDT,2026-09-12T23:14:37Z,2026-09-12T23:15:20Z,Short-term (under 1 hour),9.41,9.1287,0.2813,ENTRY,,SETTLED,YES,01a097e6-bf48-7a3b-bb61-addd25cefdbf
2026-09-12,"BNB 15-minute binary, close 26SEP121930",KXBNB15M-26SEP121930-30,Buy to Open (held to settlement),20.0,0.961,1.0,0.052,0.7275,19:29:30,EDT,2026-09-12T23:29:30Z,2026-09-12T23:30:20Z,Short-term (under 1 hour),20.0,19.272,0.728,ENTRY,,SETTLED,YES,01a097f4-5f90-70e6-9393-5bbad00a5404
2026-09-12,"Dogecoin 15-minute binary, close 26SEP121930",KXDOGE15M-26SEP121930-30,Buy to Open (held to settlement),20.0,0.946,1.0,0.07,1.0084,19:29:36,EDT,2026-09-12T23:29:36Z,2026-09-12T23:30:20Z,Short-term (under 1 hour),20.0,18.99,1.01,ENTRY,,SETTLED,NO,01a097f4-7318-72e7-afe9-415b67d71a82
2026-09-12,"Solana 15-minute binary, close 26SEP121945",KXSOL15M-26SEP121945-45,Buy to Open (held to settlement),20.0,0.9794,1.0,0.028,0.3837,19:44:32,EDT,2026-09-12T23:44:32Z,2026-09-12T23:45:20Z,Short-term (under 1 hour),20.0,19.616,0.384,ENTRY,,SETTLED,YES,01a09802-2300-7c67-8075-5fcda4656119
2026-09-12,"Bitcoin 15-minute binary, close 26SEP121945",KXBTC15M-26SEP121945-45,Buy to Open (held to settlement),20.0,0.959,1.0,0.054,0.7649,19:44:32,EDT,2026-09-12T23:44:32Z,2026-09-12T23:45:20Z,Short-term (under 1 hour),20.0,19.234,0.766,ENTRY,,SETTLED,NO,01a09802-2300-7901-8b2a-0bb59afe2205
2026-09-12,"NEAR 15-minute binary, close 26SEP122000",KXNEAR15M-26SEP122000-00,Buy to Open (held to settlement),20.0,0.977,1.0,0.03,0.4285,19:59:31,EDT,2026-09-12T23:59:31Z,2026-09-13T00:00:20Z,Short-term (under 1 hour),20.0,19.57,0.43,ENTRY,,SETTLED,NO,01a0980f-dab8-7c3b-b23e-7f7b9bd80d35
2026-09-12,"Zcash 15-minute binary, close 26SEP122000",KXZEC15M-26SEP122000-00,Buy to Open (held to settlement),11.0,0.962,0.0,0.0275,-9.6456,19:59:35,EDT,2026-09-12T23:59:35Z,2026-09-13T00:00:20Z,Short-term (under 1 hour),0.0,10.6095,-10.6095,ENTRY,,SETTLED,NO,01a0980f-ea58-7cfa-b282-46173603993c
2026-09-12,"Zcash 15-minute binary, close 26SEP122000",KXZEC15M-26SEP122000-00,Buy to Open (held to settlement),1.0,0.8,1.0,,0.1888,19:59:39,EDT,2026-09-12T23:59:39Z,2026-09-13T00:00:35Z,Short-term (under 1 hour),1.0,0.8,0.2,HEDGE,NO,SETTLED,NO,01a0980f-f9f8-72b0-928f-7e48a1cb4fb2
2026-09-12,"Zcash 15-minute binary, close 26SEP122000",KXZEC15M-26SEP122000-00,Buy to Open (held to settlement),10.0,0.81,1.0,,1.7922,19:59:40,EDT,2026-09-12T23:59:40Z,2026-09-13T00:00:50Z,Short-term (under 1 hour),10.0,8.1,1.9,HEDGE,NO,SETTLED,NO,01a0980f-fde0-76db-bd55-68fe133a2497
2026-09-12,"NEAR 15-minute binary, close 26SEP122015",KXNEAR15M-26SEP122015-15,Buy to Open (held to settlement),17.77,0.96,1.0,0.0462,0.663,20:14:33,EDT,2026-09-13T00:14:33Z,2026-09-13T00:15:20Z,Short-term (under 1 hour),17.77,17.1054,0.6646,ENTRY,,SETTLED,YES,01a0981d-9e28-7cd5-8a60-27cc79f168dd
2026-09-12,"Bitcoin 15-minute binary, close 26SEP122030",KXBTC15M-26SEP122030-30,Buy to Open (held to settlement),20.0,0.967,1.0,0.044,0.6153,20:29:30,EDT,2026-09-13T00:29:30Z,2026-09-13T00:30:20Z,Short-term (under 1 hour),20.0,19.384,0.616,ENTRY,,SETTLED,NO,01a0982b-4e10-7c47-9ae5-0543c166b3f8
2026-09-12,"Bitcoin 15-minute binary, close 26SEP122115",KXBTC15M-26SEP122115-15,Buy to Open (held to settlement),20.0,0.86,1.0,0.168,2.6314,21:14:36,EDT,2026-09-13T01:14:36Z,2026-09-13T01:15:20Z,Short-term (under 1 hour),20.0,17.368,2.632,ENTRY,,SETTLED,YES,01a09854-9860-729b-ad92-81d86ff707cf
2026-09-12,"Hyperliquid 15-minute binary, close 26SEP122130",KXHYPE15M-26SEP122130-30,Buy to Open (held to settlement),12.66,0.976,1.0,0.0203,0.283,21:29:37,EDT,2026-09-13T01:29:37Z,2026-09-13T01:30:20Z,Short-term (under 1 hour),12.66,12.3765,0.2835,ENTRY,,SETTLED,NO,01a09862-57e8-7395-91ae-9b389620e01f
2026-09-12,"Bitcoin 15-minute binary, close 26SEP122130",KXBTC15M-26SEP122130-30,Buy to Open (held to settlement),20.0,0.929,1.0,0.092,1.3276,21:29:46,EDT,2026-09-13T01:29:46Z,2026-09-13T01:30:20Z,Short-term (under 1 hour),20.0,18.672,1.328,ENTRY,,SETTLED,NO,01a09862-7b10-7753-998d-d3f3864dae8c
2026-09-12,"XRP 15-minute binary, close 26SEP122145",KXXRP15M-26SEP122145-45,Buy to Open (held to settlement),7.83,0.971,1.0,0.0149,0.2116,21:44:30,EDT,2026-09-13T01:44:30Z,2026-09-13T01:45:21Z,Short-term (under 1 hour),7.83,7.6178,0.2122,ENTRY,,SETTLED,YES,01a0986f-f830-7079-b688-e286bc685d81
2026-09-12,"Ethereum 15-minute binary, close 26SEP122145",KXETH15M-26SEP122145-45,Buy to Open (held to settlement),20.0,0.98,1.0,0.026,0.3725,21:44:34,EDT,2026-09-13T01:44:34Z,2026-09-13T01:45:21Z,Short-term (under 1 hour),20.0,19.626,0.374,ENTRY,,SETTLED,YES,01a09870-07d0-785f-80f1-63be8d07d0a5
2026-09-12,"Hyperliquid 15-minute binary, close 26SEP122200",KXHYPE15M-26SEP122200-00,Buy to Open (held to settlement),20.0,0.93,1.0,0.09,1.3088,21:59:30,EDT,2026-09-13T01:59:30Z,2026-09-13T02:00:20Z,Short-term (under 1 hour),20.0,18.69,1.31,ENTRY,,SETTLED,NO,01a0987d-b3d0-7e1d-b7cb-43410a75a690
2026-09-12,"BNB 15-minute binary, close 26SEP122215",KXBNB15M-26SEP122215-15,Buy to Open (held to settlement),18.0,0.975,1.0,0.0306,0.4192,22:14:35,EDT,2026-09-13T02:14:35Z,2026-09-13T02:15:20Z,Short-term (under 1 hour),18.0,17.5806,0.4194,ENTRY,,SETTLED,NO,01a0988b-82f8-7bd1-917e-70ac6da99219
2026-09-12,"Bitcoin 15-minute binary, close 26SEP122245",KXBTC15M-26SEP122245-45,Buy to Open (held to settlement),20.0,0.89,1.0,0.136,2.0629,22:44:41,EDT,2026-09-13T02:44:41Z,2026-09-13T02:45:20Z,Short-term (under 1 hour),20.0,17.936,2.064,ENTRY,,SETTLED,YES,01a098a7-11a8-78d0-9320-6fc6d2c3f005
2026-09-12,"XRP 15-minute binary, close 26SEP122300",KXXRP15M-26SEP122300-00,Buy to Open (held to settlement),20.0,0.979,1.0,0.028,0.3912,22:59:30,EDT,2026-09-13T02:59:30Z,2026-09-13T03:00:20Z,Short-term (under 1 hour),20.0,19.608,0.392,ENTRY,,SETTLED,YES,01a098b4-a250-7106-90b0-d950157ee184
2026-09-12,"Ethereum 15-minute binary, close 26SEP122300",KXETH15M-26SEP122300-00,Buy to Open (held to settlement),20.0,0.93,1.0,0.09,1.3088,22:59:45,EDT,2026-09-13T02:59:45Z,2026-09-13T03:00:20Z,Short-term (under 1 hour),20.0,18.69,1.31,ENTRY,,SETTLED,NO,01a098b4-dce8-7ef2-9700-ed81f2300e0f
2026-09-12,"Bitcoin 15-minute binary, close 26SEP122315",KXBTC15M-26SEP122315-15,Buy to Open (held to settlement),20.0,0.914,1.0,0.11,1.6099,23:14:33,EDT,2026-09-13T03:14:33Z,2026-09-13T03:15:20Z,Short-term (under 1 hour),20.0,18.39,1.61,ENTRY,,SETTLED,NO,01a098c2-69a8-7326-b621-0b8197cb7b01
2026-09-12,"Hyperliquid 15-minute binary, close 26SEP122330",KXHYPE15M-26SEP122330-30,Buy to Open (held to settlement),45.0,0.941,1.0,0.171,2.4801,23:29:34,EDT,2026-09-13T03:29:34Z,2026-09-13T03:30:20Z,Short-term (under 1 hour),45.0,42.516,2.484,ENTRY,,SETTLED,NO,01a098d0-2930-758b-ae96-577bc63253a5
2026-09-12,"Solana 15-minute binary, close 26SEP122345",KXSOL15M-26SEP122345-45,Buy to Open (held to settlement),66.0,0.96,1.0,0.1716,2.4625,23:44:31,EDT,2026-09-13T03:44:31Z,2026-09-13T03:45:20Z,Short-term (under 1 hour),66.0,63.5316,2.4684,ENTRY,,SETTLED,YES,01a098dd-d918-7e48-8336-3540df906607
2026-09-13,"Solana 15-minute binary, close 26SEP130015",KXSOL15M-26SEP130015-15,Buy to Open (held to settlement),67.0,0.98,1.0,0.0871,1.248,00:14:30,EDT,2026-09-13T04:14:30Z,2026-09-13T04:15:20Z,Short-term (under 1 hour),67.0,65.7471,1.2529,ENTRY,,SETTLED,YES,01a098f9-4c70-75cf-b360-715bf72ecaf2
2026-09-13,"Solana 15-minute binary, close 26SEP130045",KXSOL15M-26SEP130045-45,Buy to Open (held to settlement),68.0,0.978,1.0,0.102,1.3935,00:44:39,EDT,2026-09-13T04:44:39Z,2026-09-13T04:45:20Z,Short-term (under 1 hour),68.0,66.606,1.394,ENTRY,,SETTLED,NO,01a09914-e6d8-76e6-877f-9c77793a31fe
2026-09-13,"XRP 15-minute binary, close 26SEP130100",KXXRP15M-26SEP130100-00,Buy to Open (held to settlement),11.0,0.979,1.0,0.0154,0.2151,00:59:30,EDT,2026-09-13T04:59:30Z,2026-09-13T05:00:20Z,Short-term (under 1 hour),11.0,10.7844,0.2156,ENTRY,,SETTLED,YES,01a09922-7f50-7704-9776-b966d49d6494
2026-09-13,"Dogecoin 15-minute binary, close 26SEP130100",KXDOGE15M-26SEP130100-00,Buy to Open (held to settlement),45.0,0.95,1.0,0.1485,2.1003,00:59:33,EDT,2026-09-13T04:59:33Z,2026-09-13T05:00:20Z,Short-term (under 1 hour),45.0,42.8985,2.1015,ENTRY,,SETTLED,YES,01a09922-8b08-71db-be89-53fe84e17ec4
2026-09-13,"Dogecoin 15-minute binary, close 26SEP130130",KXDOGE15M-26SEP130130-30,Buy to Open (held to settlement),69.0,0.9,1.0,0.4347,6.4653,01:29:30,EDT,2026-09-13T05:29:30Z,2026-09-13T05:30:20Z,Short-term (under 1 hour),69.0,62.5347,6.4653,ENTRY,,SETTLED,YES,01a0993d-f690-7922-a9ae-a665f2e27e2e
2026-09-13,"Ethereum 15-minute binary, close 26SEP130130",KXETH15M-26SEP130130-30,Buy to Open (held to settlement),69.0,0.86,1.0,0.5796,9.0784,01:29:31,EDT,2026-09-13T05:29:31Z,2026-09-13T05:30:20Z,Short-term (under 1 hour),69.0,59.9196,9.0804,ENTRY,,SETTLED,YES,01a0993d-fa78-7000-8006-ea17bc75855d
2026-09-13,"Solana 15-minute binary, close 26SEP130145",KXSOL15M-26SEP130145-45,Buy to Open (held to settlement),74.0,0.86,1.0,0.6216,9.7363,01:44:30,EDT,2026-09-13T05:44:30Z,2026-09-13T05:45:20Z,Short-term (under 1 hour),74.0,64.2616,9.7384,ENTRY,,SETTLED,YES,01a0994b-b230-79b4-91d3-b5cab4ea186f
2026-09-13,"Bitcoin 15-minute binary, close 26SEP130215",KXBTC15M-26SEP130215-15,Buy to Open (held to settlement),77.0,0.933,1.0,0.3311,4.822,02:14:38,EDT,2026-09-13T06:14:38Z,2026-09-13T06:15:20Z,Short-term (under 1 hour),77.0,72.1721,4.8279,ENTRY,,SETTLED,NO,01a09967-48b0-72ad-b307-377e2222531f
2026-09-13,"Bitcoin 15-minute binary, close 26SEP130245",KXBTC15M-26SEP130245-45,Buy to Open (held to settlement),39.0,0.946,1.0,0.1365,1.9665,02:44:30,EDT,2026-09-13T06:44:30Z,2026-09-13T06:45:20Z,Short-term (under 1 hour),39.0,37.0305,1.9695,ENTRY,,SETTLED,YES,01a09982-a0b0-74c0-9ce9-e2b303aaadb9
2026-09-13,"XRP 15-minute binary, close 26SEP130330",KXXRP15M-26SEP130330-30,Buy to Open (held to settlement),40.0,0.964,1.0,0.096,1.3428,03:29:31,EDT,2026-09-13T07:29:31Z,2026-09-13T07:30:20Z,Short-term (under 1 hour),40.0,38.656,1.344,ENTRY,,SETTLED,YES,01a099ab-d778-7fa3-96a8-f04b8de2283e
2026-09-13,"Dogecoin 15-minute binary, close 26SEP130330",KXDOGE15M-26SEP130330-30,Buy to Open (held to settlement),40.0,0.948,1.0,0.136,1.9419,03:29:46,EDT,2026-09-13T07:29:46Z,2026-09-13T07:30:20Z,Short-term (under 1 hour),40.0,38.056,1.944,ENTRY,,SETTLED,NO,01a099ac-1210-7034-96fe-8cfe11505bee
2026-09-13,"BNB 15-minute binary, close 26SEP130345",KXBNB15M-26SEP130345-45,Buy to Open (held to settlement),30.0,0.971,1.0,0.057,0.8108,03:44:35,EDT,2026-09-13T07:44:35Z,2026-09-13T07:45:20Z,Short-term (under 1 hour),30.0,29.187,0.813,ENTRY,,SETTLED,YES,01a099b9-a2b8-7caa-80e6-e3f224ce538e
2026-09-13,"Bitcoin 15-minute binary, close 26SEP130345",KXBTC15M-26SEP130345-45,Buy to Open (held to settlement),40.0,0.96,1.0,0.104,1.4924,03:44:47,EDT,2026-09-13T07:44:47Z,2026-09-13T07:45:20Z,Short-term (under 1 hour),40.0,38.504,1.496,ENTRY,,SETTLED,YES,01a099b9-d198-71b8-8bf4-fefa9513ad53
2026-09-13,"Hyperliquid 15-minute binary, close 26SEP130500",KXHYPE15M-26SEP130500-00,Buy to Open (held to settlement),41.0,0.98,1.0,0.0533,0.7637,04:59:50,EDT,2026-09-13T08:59:50Z,2026-09-13T09:00:20Z,Short-term (under 1 hour),41.0,40.2333,0.7667,ENTRY,,SETTLED,YES,01a099fe-8770-7808-8bdd-0add727d85ce
2026-09-13,"Ethereum 15-minute binary, close 26SEP130515",KXETH15M-26SEP130515-15,Buy to Open (held to settlement),31.0,0.97,1.0,0.062,0.8668,05:14:30,EDT,2026-09-13T09:14:30Z,2026-09-13T09:15:20Z,Short-term (under 1 hour),31.0,30.132,0.868,ENTRY,,SETTLED,NO,01a09a0b-f4f0-79a5-8581-b6d0e99814f5
2026-09-13,"Solana 15-minute binary, close 26SEP130615",KXSOL15M-26SEP130615-15,Buy to Open (held to settlement),41.0,0.87,1.0,0.3239,5.0054,06:14:53,EDT,2026-09-13T10:14:53Z,2026-09-13T10:15:20Z,Short-term (under 1 hour),41.0,35.9939,5.0061,ENTRY,,SETTLED,YES,01a09a43-3d48-744e-ae83-40f6ef60bf51
2026-09-13,"Dogecoin 15-minute binary, close 26SEP130630",KXDOGE15M-26SEP130630-30,Buy to Open (held to settlement),42.0,0.88,1.0,0.3066,4.7295,06:29:30,EDT,2026-09-13T10:29:30Z,2026-09-13T10:30:20Z,Short-term (under 1 hour),42.0,37.2666,4.7334,ENTRY,,SETTLED,NO,01a09a50-9f10-7e01-9f8c-3a3afd17eba7
2026-09-13,"XRP 15-minute binary, close 26SEP130700",KXXRP15M-26SEP130700-00,Buy to Open (held to settlement),42.0,0.975,1.0,0.0714,0.9783,06:59:31,EDT,2026-09-13T10:59:31Z,2026-09-13T11:00:20Z,Short-term (under 1 hour),42.0,41.0214,0.9786,ENTRY,,SETTLED,NO,01a09a6c-1a38-7679-9f26-48fda7589ddc
2026-09-13,"BNB 15-minute binary, close 26SEP130700",KXBNB15M-26SEP130700-00,Buy to Open (held to settlement),42.0,0.941,1.0,0.1596,2.3147,06:59:56,EDT,2026-09-13T10:59:56Z,2026-09-13T11:00:20Z,Short-term (under 1 hour),42.0,39.6816,2.3184,ENTRY,,SETTLED,YES,01a09a6c-7be0-76f2-bf1d-932f3aa4e574
2026-09-13,"Hyperliquid 15-minute binary, close 26SEP130715",KXHYPE15M-26SEP130715-15,Buy to Open (held to settlement),43.0,0.98,1.0,0.0559,0.801,07:14:35,EDT,2026-09-13T11:14:35Z,2026-09-13T11:15:20Z,Short-term (under 1 hour),43.0,42.1959,0.8041,ENTRY,,SETTLED,NO,01a09a79-e578-7fa0-9c42-9a6a2ecb93ed
2026-09-13,"Zcash 15-minute binary, close 26SEP130715",KXZEC15M-26SEP130715-15,Buy to Open (held to settlement),43.0,0.8803,1.0,0.3139,4.8299,07:14:50,EDT,2026-09-13T11:14:50Z,2026-09-13T11:15:20Z,Short-term (under 1 hour),43.0,38.1668,4.8332,ENTRY,,SETTLED,NO,01a09a7a-2010-71d9-9d3a-8a74f6f51336
2026-09-13,"Bitcoin 15-minute binary, close 26SEP130800",KXBTC15M-26SEP130800-00,Buy to Open (held to settlement),44.0,0.98,1.0,0.0572,0.8196,07:59:38,EDT,2026-09-13T11:59:38Z,2026-09-13T12:00:20Z,Short-term (under 1 hour),44.0,43.1772,0.8228,ENTRY,,SETTLED,YES,01a09aa3-2410-7fee-ac47-9f22d28df61e
2026-09-13,"Dogecoin 15-minute binary, close 26SEP130800",KXDOGE15M-26SEP130800-00,Buy to Open (held to settlement),25.0,0.9761,1.0,0.04,0.5566,07:59:53,EDT,2026-09-13T11:59:53Z,2026-09-13T12:00:20Z,Short-term (under 1 hour),25.0,24.4425,0.5575,ENTRY,,SETTLED,NO,01a09aa3-5ea8-7426-b133-dd38b4434c6a
2026-09-13,"Bitcoin 15-minute binary, close 26SEP130900",KXBTC15M-26SEP130900-00,Buy to Open (held to settlement),44.0,0.85,1.0,0.3916,6.2072,08:59:31,EDT,2026-09-13T12:59:31Z,2026-09-13T13:00:20Z,Short-term (under 1 hour),44.0,37.7916,6.2084,ENTRY,,SETTLED,YES,01a09ad9-f738-7e71-9675-65d3b02e9988
2026-09-13,"Ethereum 15-minute binary, close 26SEP130915",KXETH15M-26SEP130915-15,Buy to Open (held to settlement),45.0,0.958,1.0,0.126,1.7632,09:14:54,EDT,2026-09-13T13:14:54Z,2026-09-13T13:15:20Z,Short-term (under 1 hour),45.0,43.236,1.764,ENTRY,,SETTLED,NO,01a09ae8-0cb0-707a-942b-d7d9afa550a6
2026-09-13,"Dogecoin 15-minute binary, close 26SEP131230",KXDOGE15M-26SEP131230-30,Buy to Open (held to settlement),46.0,0.9686,1.0,0.0966,1.3464,12:29:54,EDT,2026-09-13T16:29:54Z,2026-09-13T16:30:20Z,Short-term (under 1 hour),46.0,44.6522,1.3478,ENTRY,,SETTLED,NO,01a09b9a-93d0-7527-b932-8a9919cf5b43
2026-09-13,"BNB 15-minute binary, close 26SEP131230",KXBNB15M-26SEP131230-30,Buy to Open (held to settlement),32.0,0.923,1.0,0.1568,2.3048,12:29:55,EDT,2026-09-13T16:29:55Z,2026-09-13T16:30:20Z,Short-term (under 1 hour),32.0,29.6928,2.3072,ENTRY,,SETTLED,NO,01a09b9a-97b8-727b-a733-aa12c76d6b11
2026-09-13,"BNB 15-minute binary, close 26SEP131230",KXBNB15M-26SEP131230-30,Buy to Open (held to settlement),32.0,0.1,0.0,,-3.4017,12:29:56,EDT,2026-09-13T16:29:56Z,2026-09-13T16:30:35Z,Short-term (under 1 hour),0.0,3.2,-3.2,HEDGE,YES,SETTLED,NO,01a09b9a-9ba0-7c3a-82f8-7590f230d4ce
2026-09-13,"BNB 15-minute binary, close 26SEP131245",KXBNB15M-26SEP131245-45,Buy to Open (held to settlement),36.73,0.88,1.0,0.2681,4.136,12:44:57,EDT,2026-09-13T16:44:57Z,2026-09-13T16:45:20Z,Short-term (under 1 hour),36.73,32.5905,4.1395,ENTRY,,SETTLED,YES,01a09ba8-5b28-7b32-8fa5-3f97d887ab58
2026-09-13,"Bitcoin 15-minute binary, close 26SEP131415",KXBTC15M-26SEP131415-15,Buy to Open (held to settlement),46.0,0.922,1.0,0.23,3.3564,14:14:30,EDT,2026-09-13T18:14:30Z,2026-09-13T18:15:20Z,Short-term (under 1 hour),46.0,42.642,3.358,ENTRY,,SETTLED,YES,01a09bfa-5770-7bf4-af97-78f5afb0ce7d
2026-09-13,"Ethereum 15-minute binary, close 26SEP131515",KXETH15M-26SEP131515-15,Buy to Open (held to settlement),47.0,0.98,1.0,0.0611,0.8755,15:14:38,EDT,2026-09-13T19:14:38Z,2026-09-13T19:15:20Z,Short-term (under 1 hour),47.0,46.1211,0.8789,ENTRY,,SETTLED,NO,01a09c31-6530-7e4b-98a6-b03ec3815196
2026-09-13,"BNB 15-minute binary, close 26SEP131545",KXBNB15M-26SEP131545-45,Buy to Open (held to settlement),47.0,0.98,1.0,0.0611,0.8755,15:44:30,EDT,2026-09-13T19:44:30Z,2026-09-13T19:45:20Z,Short-term (under 1 hour),47.0,46.1211,0.8789,ENTRY,,SETTLED,YES,01a09c4c-bd30-7672-9b14-7019f594b037
2026-09-13,"Hyperliquid 15-minute binary, close 26SEP131545",KXHYPE15M-26SEP131545-45,Buy to Open (held to settlement),47.0,0.963,1.0,0.1128,1.6217,15:44:30,EDT,2026-09-13T19:44:30Z,2026-09-13T19:45:20Z,Short-term (under 1 hour),47.0,45.3738,1.6262,ENTRY,,SETTLED,NO,01a09c4c-bd30-7b4f-86f3-c46456244585
2026-09-13,"Bitcoin 15-minute binary, close 26SEP131615",KXBTC15M-26SEP131615-15,Buy to Open (held to settlement),47.0,0.979,1.0,0.0658,0.9193,16:14:30,EDT,2026-09-13T20:14:30Z,2026-09-13T20:15:20Z,Short-term (under 1 hour),47.0,46.0788,0.9212,ENTRY,,SETTLED,YES,01a09c68-3470-7e5c-93a4-18e77b925f1d
2026-09-13,"Dogecoin 15-minute binary, close 26SEP131630",KXDOGE15M-26SEP131630-30,Buy to Open (held to settlement),42.0,0.901,1.0,0.2604,3.8957,16:29:51,EDT,2026-09-13T20:29:51Z,2026-09-13T20:30:20Z,Short-term (under 1 hour),42.0,38.1024,3.8976,ENTRY,,SETTLED,NO,01a09c76-4218-7c2f-a428-ea524f875712
2026-09-13,"Solana 15-minute binary, close 26SEP131645",KXSOL15M-26SEP131645-45,Buy to Open (held to settlement),24.4,0.9782,1.0,0.0342,0.4954,16:44:30,EDT,2026-09-13T20:44:30Z,2026-09-13T20:45:20Z,Short-term (under 1 hour),24.4,23.9023,0.4977,ENTRY,,SETTLED,YES,01a09c83-abb0-7a30-b2e2-b466961a365d
2026-09-13,"XRP 15-minute binary, close 26SEP131645",KXXRP15M-26SEP131645-45,Buy to Open (held to settlement),48.0,0.9759,1.0,0.0768,1.0777,16:44:40,EDT,2026-09-13T20:44:40Z,2026-09-13T20:45:20Z,Short-term (under 1 hour),48.0,46.92,1.08,ENTRY,,SETTLED,NO,01a09c83-d2c0-72e9-8a40-22ea631e12da
2026-09-13,"Bitcoin 15-minute binary, close 26SEP131645",KXBTC15M-26SEP131645-45,Buy to Open (held to settlement),23.6,0.947,1.0,0.0826,1.1678,16:44:46,EDT,2026-09-13T20:44:46Z,2026-09-13T20:45:20Z,Short-term (under 1 hour),23.6,22.4318,1.1682,ENTRY,,SETTLED,YES,01a09c83-ea30-7e24-a292-83b46a903a50
2026-09-13,"BNB 15-minute binary, close 26SEP131700",KXBNB15M-26SEP131700-00,Buy to Open (held to settlement),49.0,0.9795,1.0,0.0686,0.9356,16:59:32,EDT,2026-09-13T20:59:32Z,2026-09-13T21:00:20Z,Short-term (under 1 hour),49.0,48.0641,0.9359,ENTRY,,SETTLED,NO,01a09c91-6f20-7c11-aa6c-dfdaf52df442
TOTAL,"306 legs (298 settled, 8 open)",,,6208.66,,,20.5765,133.1679,,,,,,5833.62,5809.0976,133.5177,,,,,
